Año;Fecha;Riego_Optimo_FAO_mm
2005;22/04/2005;25,0
2005;23/04/2005;25,0
2005;24/04/2005;25,0
2005;25/04/2005;21,661000000000005
2005;26/04/2005;5,782999999999994
2005;27/04/2005;3,550000000000021
2005;28/04/2005;5,579999999999995
2005;29/04/2005;6,175999999999999
2005;30/04/2005;5,648246893630616
2005;01/05/2005;4,991514402019787
2005;02/05/2005;3,5340087747938362
2005;03/05/2005;5,892913943919922
2005;04/05/2005;1,8192687887106382
2005;05/05/2005;6,0346131142978665
2005;06/05/2005;5,278698129173609
2005;07/05/2005;5,243117074206355
2005;08/05/2005;5,6328197585311575
2005;09/05/2005;6,089677566033869
2005;10/05/2005;1,8926626365690362
2005;11/05/2005;0,0
2005;12/05/2005;0,0
2005;13/05/2005;0,0
2005;14/05/2005;1,1190343110985193
2005;15/05/2005;5,729743776712343
2005;16/05/2005;0,0
2005;17/05/2005;0,0
2005;18/05/2005;5,8500717721289535
2005;19/05/2005;6,669138392778358
2005;20/05/2005;7,937770600858227
2005;21/05/2005;9,705920973003604
2005;22/05/2005;4,996559917662518
2005;23/05/2005;7,206624157486972
2005;24/05/2005;4,807265763100268
2005;25/05/2005;5,9823651068007475
2005;26/05/2005;8,589228230851033
2005;27/05/2005;7,1295462659480435
2005;28/05/2005;7,262606807134388
2005;29/05/2005;4,201240857185251
2005;30/05/2005;0,5669739147968504
2005;31/05/2005;7,688421325914154
2005;01/06/2005;1,9308467008674821
2005;02/06/2005;6,426440795061356
2005;03/06/2005;7,446939877783765
2005;04/06/2005;6,799891263655202
2005;05/06/2005;3,4215238159339254
2005;06/06/2005;7,301240057546511
2005;07/06/2005;6,109435591673082
2005;08/06/2005;5,5119634449484
2005;09/06/2005;8,225363517501076
2005;10/06/2005;5,614477387865426
2005;11/06/2005;2,503365912029017
2005;12/06/2005;9,894524210055994
2005;13/06/2005;1,6486597269347532
2005;14/06/2005;0,6780900061066772
2005;15/06/2005;7,4819434769803
2005;16/06/2005;5,844391172373352
2005;17/06/2005;7,246788476532627
2005;18/06/2005;7,326713106757386
2005;19/06/2005;6,943485984093467
2005;20/06/2005;5,4870923534912315
2005;21/06/2005;5,844604481342226
2005;22/06/2005;6,070444747820285
2005;23/06/2005;4,024244173271922
2005;24/06/2005;5,860338169492657
2005;25/06/2005;6,177327972279963
2005;26/06/2005;5,157709457434694
2005;27/06/2005;6,477824613827339
2005;28/06/2005;6,6186592455120365
2005;29/06/2005;1,6641882234131202
2005;30/06/2005;3,317578478644356
2005;01/07/2005;6,97543664453618
2005;02/07/2005;5,0871584102319805
2005;03/07/2005;7,154695339887331
2005;04/07/2005;9,39961060673399
2005;05/07/2005;2,6780966501130425
2005;06/07/2005;7,667897053390132
2005;07/07/2005;5,866373797915545
2005;08/07/2005;5,442383221614579
2005;09/07/2005;2,6452063549103406
2005;10/07/2005;6,295744849425474
2005;11/07/2005;5,084756002636698
2005;12/07/2005;6,110886459553774
2005;13/07/2005;6,457789275661234
2005;14/07/2005;5,807654232532674
2005;15/07/2005;7,4661232397692325
2005;16/07/2005;5,913275166361485
2005;17/07/2005;6,142370323275508
2005;18/07/2005;2,7194608505585487
2005;19/07/2005;6,99259674810834
2005;20/07/2005;4,490914671923365
2005;21/07/2005;7,007192570316458
2005;22/07/2005;5,751200880171727
2005;23/07/2005;5,340790024778924
2005;24/07/2005;6,1173124776131385
2005;25/07/2005;4,703746422572345
2005;26/07/2005;3,5546593083261144
2005;27/07/2005;0,0
2005;28/07/2005;0,0
2005;29/07/2005;0,0
2005;30/07/2005;4,426663077833826
2005;31/07/2005;4,490795217866426
2005;01/08/2005;6,999604799060562
2005;02/08/2005;6,216652075454743
2005;03/08/2005;4,087708804803724
2005;04/08/2005;7,1804438789731035
2005;05/08/2005;4,9524550142032355
2005;06/08/2005;5,4212346070868085
2005;07/08/2005;4,7968677772375266
2005;08/08/2005;4,758942272821467
2005;09/08/2005;4,659552738778562
2005;10/08/2005;1,9602399647638418
2005;11/08/2005;1,729264276824571
2005;12/08/2005;6,7117922252318225
2005;13/08/2005;3,9235384757687557
2005;14/08/2005;4,912420761119369
2005;15/08/2005;4,646561536355248
2005;16/08/2005;3,6315375250496014
2005;17/08/2005;4,300058458554803
2005;18/08/2005;1,9502941404077778
2005;19/08/2005;5,344118087669307
2005;20/08/2005;0,6005562086798673
2005;21/08/2005;1,8626647576153461
2005;22/08/2005;1,4039685931506578
2005;23/08/2005;2,7138923274579234
2005;24/08/2005;2,6788951388992355
2005;25/08/2005;3,1979231260580594
2005;26/08/2005;3,613463929069292
2005;27/08/2005;1,446616351523351
2005;28/08/2005;3,242366184225001
2005;29/08/2005;0,8297115478317518
2005;30/08/2005;3,0321735756753454
2005;31/08/2005;2,457528015785459
2005;01/09/2005;0,0
2006;23/04/2006;25,0
2006;24/04/2006;25,0
2006;25/04/2006;25,0
2006;26/04/2006;25,0
2006;27/04/2006;16,01799999999999
2006;28/04/2006;4,704999999999981
2006;29/04/2006;4,049999999999988
2006;30/04/2006;3,824999999999994
2006;01/05/2006;3,6837878350645537
2006;02/05/2006;5,340440690002709
2006;03/05/2006;4,704884284450435
2006;04/05/2006;0,0
2006;05/05/2006;0,0
2006;06/05/2006;6,600644663514865
2006;07/05/2006;5,5707300808255065
2006;08/05/2006;1,7769025057976737
2006;09/05/2006;6,243990492194565
2006;10/05/2006;4,451009587325082
2006;11/05/2006;5,371999320935472
2006;12/05/2006;5,095219236306691
2006;13/05/2006;4,781683270566677
2006;14/05/2006;4,589808755301065
2006;15/05/2006;5,819552577268321
2006;16/05/2006;5,794237375568477
2006;17/05/2006;7,11108951739831
2006;18/05/2006;4,8670176293625005
2006;19/05/2006;6,1483018786409
2006;20/05/2006;4,4153757434062095
2006;21/05/2006;2,131792461245321
2006;22/05/2006;8,009561847207337
2006;23/05/2006;1,183818302563329
2006;24/05/2006;4,665086858337899
2006;25/05/2006;3,3372060017401073
2006;26/05/2006;6,633673257475424
2006;27/05/2006;7,410146475188814
2006;28/05/2006;7,426582277601046
2006;29/05/2006;5,478463680909821
2006;30/05/2006;8,069137464437887
2006;31/05/2006;0,0
2006;01/06/2006;1,0008948948878424
2006;02/06/2006;1,8657819427149063
2006;03/06/2006;4,945328212713129
2006;04/06/2006;4,444706658924905
2006;05/06/2006;3,4061179790822163
2006;06/06/2006;7,750709753834245
2006;07/06/2006;5,870283099100881
2006;08/06/2006;6,19401214561267
2006;09/06/2006;7,004887443290318
2006;10/06/2006;7,124237923296211
2006;11/06/2006;1,8199184422045707
2006;12/06/2006;6,642541313752146
2006;13/06/2006;3,995091808237644
2006;14/06/2006;0,0
2006;15/06/2006;8,762919754950257
2006;16/06/2006;2,1776148376128033
2006;17/06/2006;2,3137945535984095
2006;18/06/2006;8,011678074412135
2006;19/06/2006;8,880038204215587
2006;20/06/2006;8,978072117965867
2006;21/06/2006;7,109013608049061
2006;22/06/2006;9,311036804992883
2006;23/06/2006;5,497644836955728
2006;24/06/2006;9,09979210840709
2006;25/06/2006;1,5033794881134912
2006;26/06/2006;4,299778302498167
2006;27/06/2006;5,150873908790861
2006;28/06/2006;6,599732301001613
2006;29/06/2006;6,489544241320743
2006;30/06/2006;4,531226061795918
2006;01/07/2006;7,159724699395811
2006;02/07/2006;6,8720574215635315
2006;03/07/2006;4,567855334250085
2006;04/07/2006;0,0
2006;05/07/2006;0,0
2006;06/07/2006;5,55414658322867
2006;07/07/2006;5,376548820895063
2006;08/07/2006;5,559850126537396
2006;09/07/2006;6,966436765912696
2006;10/07/2006;5,959510829911488
2006;11/07/2006;7,219507653585648
2006;12/07/2006;3,9358639247714535
2006;13/07/2006;7,964509798655423
2006;14/07/2006;3,6678181367199287
2006;15/07/2006;5,463399364599643
2006;16/07/2006;4,696839666135949
2006;17/07/2006;6,810366664147463
2006;18/07/2006;6,080403389389471
2006;19/07/2006;0,0
2006;20/07/2006;5,108969024302351
2006;21/07/2006;7,639986392478609
2006;22/07/2006;6,1080958700934325
2006;23/07/2006;5,5955127338349495
2006;24/07/2006;5,3099924678026404
2006;25/07/2006;6,503558467063755
2006;26/07/2006;6,452596464059645
2006;27/07/2006;0,0
2006;28/07/2006;0,0
2006;29/07/2006;6,846126674219196
2006;30/07/2006;6,557949950738924
2006;31/07/2006;4,510708297199655
2006;01/08/2006;7,072195295713357
2006;02/08/2006;5,334147546518078
2006;03/08/2006;5,8161904733582075
2006;04/08/2006;3,039213995555425
2006;05/08/2006;3,8646630272992355
2006;06/08/2006;5,409773979312878
2006;07/08/2006;4,766344459385081
2006;08/08/2006;4,295520762217996
2006;09/08/2006;3,9800345919742997
2006;10/08/2006;4,878237465727737
2006;11/08/2006;4,4967632552676795
2006;12/08/2006;4,049864033045476
2006;13/08/2006;3,907163372660514
2006;14/08/2006;0,0
2006;15/08/2006;4,363577926846865
2006;16/08/2006;0,0
2006;17/08/2006;0,0
2006;18/08/2006;0,0
2006;19/08/2006;0,0
2006;20/08/2006;0,0
2006;21/08/2006;3,562910156586657
2006;22/08/2006;4,3763481223403495
2006;23/08/2006;3,8130100874051496
2006;24/08/2006;3,805353781687433
2006;25/08/2006;1,7408277163072143
2006;26/08/2006;3,0507930512564374
2006;27/08/2006;2,6153600248400988
2006;28/08/2006;2,6064549436171176
2006;29/08/2006;2,848598200679178
2006;30/08/2006;1,9387544993104258
2006;31/08/2006;1,8764839611524846
2006;01/09/2006;2,195959080023755
2006;02/09/2006;0,0
2007;15/04/2007;25,0
2007;16/04/2007;25,0
2007;17/04/2007;25,0
2007;18/04/2007;25,0
2007;19/04/2007;14,416999999999998
2007;20/04/2007;5,591999999999992
2007;21/04/2007;4,30899999999999
2007;22/04/2007;5,277999999999995
2007;23/04/2007;5,412263372815155
2007;24/04/2007;5,1953563359956165
2007;25/04/2007;0,0
2007;26/04/2007;0,0
2007;27/04/2007;0,0
2007;28/04/2007;0,0
2007;29/04/2007;0,0
2007;30/04/2007;0,0
2007;01/05/2007;0,0
2007;02/05/2007;1,7656875267858694
2007;03/05/2007;1,5563012717098077
2007;04/05/2007;5,142428126367607
2007;05/05/2007;3,826982949522465
2007;06/05/2007;4,239896327318034
2007;07/05/2007;6,073967743632531
2007;08/05/2007;4,624802595513744
2007;09/05/2007;7,276077155718323
2007;10/05/2007;5,0524806494175385
2007;11/05/2007;6,965697917467483
2007;12/05/2007;3,645161353850588
2007;13/05/2007;5,226830045215913
2007;14/05/2007;0,6904355079217257
2007;15/05/2007;4,99367792333075
2007;16/05/2007;4,0122048605692395
2007;17/05/2007;7,026244151131269
2007;18/05/2007;0,5465385007928738
2007;19/05/2007;0,632155383721998
2007;20/05/2007;0,0
2007;21/05/2007;0,0
2007;22/05/2007;0,0
2007;23/05/2007;0,0
2007;24/05/2007;0,0
2007;25/05/2007;0,0
2007;26/05/2007;0,0
2007;27/05/2007;2,357468721413043
2007;28/05/2007;0,0
2007;29/05/2007;2,9050570753533047
2007;30/05/2007;4,209189137873155
2007;31/05/2007;5,925250152257227
2007;01/06/2007;1,4961899597299786
2007;02/06/2007;3,3398873381128036
2007;03/06/2007;8,422953992379963
2007;04/06/2007;0,0
2007;05/06/2007;3,898324851643024
2007;06/06/2007;0,2873926257020385
2007;07/06/2007;6,4859927936896575
2007;08/06/2007;6,489940031513928
2007;09/06/2007;0,0
2007;10/06/2007;0,0
2007;11/06/2007;2,0152515611289736
2007;12/06/2007;4,843661580875134
2007;13/06/2007;4,924467876063265
2007;14/06/2007;0,0
2007;15/06/2007;0,0
2007;16/06/2007;0,0
2007;17/06/2007;0,0
2007;18/06/2007;0,0
2007;19/06/2007;0,0
2007;20/06/2007;0,0
2007;21/06/2007;0,0
2007;22/06/2007;0,0
2007;23/06/2007;3,7701376113693543
2007;24/06/2007;4,353781133641618
2007;25/06/2007;6,080924561717069
2007;26/06/2007;0,0
2007;27/06/2007;1,434760251629537
2007;28/06/2007;3,47174170914806
2007;29/06/2007;7,852089755286975
2007;30/06/2007;4,944586034015422
2007;01/07/2007;7,073828193620538
2007;02/07/2007;0,04981994477493412
2007;03/07/2007;9,508634273734891
2007;04/07/2007;1,6878474167667288
2007;05/07/2007;5,592297138236342
2007;06/07/2007;4,392538881722033
2007;07/07/2007;7,2784440895303515
2007;08/07/2007;6,846627692637907
2007;09/07/2007;0,5370284965933192
2007;10/07/2007;2,2534169720073116
2007;11/07/2007;5,287892399501609
2007;12/07/2007;5,725707957469503
2007;13/07/2007;5,381033981303458
2007;14/07/2007;8,237697245286224
2007;15/07/2007;3,609797402512233
2007;16/07/2007;2,4512705316189685
2007;17/07/2007;0,0
2007;18/07/2007;4,335469308212797
2007;19/07/2007;3,821993333501142
2007;20/07/2007;0,36212741653154357
2007;21/07/2007;1,74301291873392
2007;22/07/2007;3,2151169033820013
2007;23/07/2007;0,4013085911797274
2007;24/07/2007;4,844563590445318
2007;25/07/2007;4,619252978430952
2007;26/07/2007;5,872867892643603
2007;27/07/2007;5,2685987342459395
2007;28/07/2007;5,440034875658812
2007;29/07/2007;5,191738069682843
2007;30/07/2007;4,9635561851938155
2007;31/07/2007;5,379347876107771
2007;01/08/2007;6,417608297061313
2007;02/08/2007;0,0
2007;03/08/2007;7,54869747853077
2007;04/08/2007;4,518132236665109
2007;05/08/2007;6,769513771907975
2007;06/08/2007;1,968660912747668
2007;07/08/2007;3,847824859657391
2007;08/08/2007;0,7256548493381803
2007;09/08/2007;1,4259085580703634
2007;10/08/2007;3,7264407362929908
2007;11/08/2007;0,0
2007;12/08/2007;0,2665081399055209
2007;13/08/2007;5,717684037304343
2007;14/08/2007;1,8284687435922171
2007;15/08/2007;4,156575545123062
2007;16/08/2007;0,8359270950946085
2007;17/08/2007;0,7973981523531753
2007;18/08/2007;0,8739607216485177
2007;19/08/2007;4,49783893598752
2007;20/08/2007;0,0
2007;21/08/2007;2,8707329904682575
2007;22/08/2007;0,4741321891444161
2007;23/08/2007;1,298420347669739
2007;24/08/2007;2,1046708638958482
2007;25/08/2007;0,0
2008;24/04/2008;25,0
2008;25/04/2008;25,0
2008;26/04/2008;25,0
2008;27/04/2008;25,0
2008;28/04/2008;17,494999999999997
2008;29/04/2008;1,850999999999995
2008;30/04/2008;0,8609999999999982
2008;01/05/2008;5,360000000000004
2008;02/05/2008;4,738693712750476
2008;03/05/2008;4,155364153855649
2008;04/05/2008;1,0248527889397003
2008;05/05/2008;4,753336754142043
2008;06/05/2008;0,0
2008;07/05/2008;0,0
2008;08/05/2008;0,0
2008;09/05/2008;0,0
2008;10/05/2008;0,0
2008;11/05/2008;0,0
2008;12/05/2008;5,69240935154671
2008;13/05/2008;7,777606324431333
2008;14/05/2008;4,9074277270283995
2008;15/05/2008;5,596638656041876
2008;16/05/2008;1,9164792926325736
2008;17/05/2008;5,275014252919631
2008;18/05/2008;0,0
2008;19/05/2008;0,0
2008;20/05/2008;1,8795765592923526
2008;21/05/2008;1,3467471130545632
2008;22/05/2008;0,0
2008;23/05/2008;0,0
2008;24/05/2008;0,0
2008;25/05/2008;0,0
2008;26/05/2008;0,2322602945319614
2008;27/05/2008;2,4080871117910965
2008;28/05/2008;0,0
2008;29/05/2008;0,0
2008;30/05/2008;0,0
2008;31/05/2008;0,0
2008;01/06/2008;0,0
2008;02/06/2008;0,0
2008;03/06/2008;3,546309657256112
2008;04/06/2008;0,0
2008;05/06/2008;0,0
2008;06/06/2008;0,0
2008;07/06/2008;4,0263721428732895
2008;08/06/2008;0,0
2008;09/06/2008;0,0
2008;10/06/2008;1,6657464646854636
2008;11/06/2008;3,6055464681680207
2008;12/06/2008;2,490172667543544
2008;13/06/2008;5,182245119524968
2008;14/06/2008;3,235922392586537
2008;15/06/2008;0,12816303985358424
2008;16/06/2008;2,0834124109572216
2008;17/06/2008;0,0
2008;18/06/2008;2,232162230014418
2008;19/06/2008;8,165927687189937
2008;20/06/2008;6,462684998427037
2008;21/06/2008;6,9418383384175755
2008;22/06/2008;7,717093970298618
2008;23/06/2008;7,262661780993144
2008;24/06/2008;5,238086940553987
2008;25/06/2008;5,888589783396331
2008;26/06/2008;6,2691916104685035
2008;27/06/2008;6,589549458657042
2008;28/06/2008;5,091687041637703
2008;29/06/2008;6,934784408903196
2008;30/06/2008;6,5470848673983975
2008;01/07/2008;6,7245062083333496
2008;02/07/2008;6,65780490412696
2008;03/07/2008;0,0
2008;04/07/2008;3,404171011757911
2008;05/07/2008;7,1403639576133004
2008;06/07/2008;6,183884799633667
2008;07/07/2008;0,0
2008;08/07/2008;1,4544025318164022
2008;09/07/2008;4,763075336163594
2008;10/07/2008;8,946683195128646
2008;11/07/2008;6,661308706504722
2008;12/07/2008;0,7911592126621771
2008;13/07/2008;2,323616420284525
2008;14/07/2008;3,1255670854246125
2008;15/07/2008;9,368210615429035
2008;16/07/2008;8,412337726438079
2008;17/07/2008;9,508068751218303
2008;18/07/2008;8,190107525356783
2008;19/07/2008;7,33392896079522
2008;20/07/2008;8,477019225972363
2008;21/07/2008;1,336734988433106
2008;22/07/2008;6,945836190231464
2008;23/07/2008;5,631036887530554
2008;24/07/2008;7,731286415550243
2008;25/07/2008;0,3837419649286291
2008;26/07/2008;6,702239390893917
2008;27/07/2008;5,3672356792591716
2008;28/07/2008;5,656438184116045
2008;29/07/2008;3,2067351269658495
2008;30/07/2008;4,090704300313442
2008;31/07/2008;6,500656216198934
2008;01/08/2008;2,5940820819702166
2008;02/08/2008;6,935223158286985
2008;03/08/2008;5,644577323046585
2008;04/08/2008;5,933270177441489
2008;05/08/2008;5,5095295898928685
2008;06/08/2008;6,379927187591804
2008;07/08/2008;3,1672558957894337
2008;08/08/2008;4,629239446016152
2008;09/08/2008;1,7742232137068994
2008;10/08/2008;6,104644702184096
2008;11/08/2008;6,8636864518537255
2008;12/08/2008;2,3480206591745802
2008;13/08/2008;3,2954726144032955
2008;14/08/2008;2,138069755352731
2008;15/08/2008;2,710868277098553
2008;16/08/2008;0,0
2008;17/08/2008;0,0
2008;18/08/2008;5,6737732500694005
2008;19/08/2008;4,469510284281237
2008;20/08/2008;2,5455212031668606
2008;21/08/2008;1,5919417420787614
2008;22/08/2008;4,273640366160874
2008;23/08/2008;3,4493788557222698
2008;24/08/2008;0,08126887948917716
2008;25/08/2008;5,135536039623141
2008;26/08/2008;2,158036182809531
2008;27/08/2008;3,4691733609936044
2008;28/08/2008;3,927902413247569
2008;29/08/2008;2,2656062085507633
2008;30/08/2008;2,568633300571558
2008;31/08/2008;0,8118566508448799
2008;01/09/2008;1,4200973780897113
2008;02/09/2008;2,041496567089526
2008;03/09/2008;0,0
2009;22/04/2009;25,0
2009;23/04/2009;25,0
2009;24/04/2009;25,0
2009;25/04/2009;25,0
2009;26/04/2009;12,187000000000006
2009;27/04/2009;4,440000000000005
2009;28/04/2009;1,0289999999999857
2009;29/04/2009;6,023999999999997
2009;30/04/2009;4,5279512975799285
2009;01/05/2009;1,6225396015479001
2009;02/05/2009;6,910491327942178
2009;03/05/2009;5,575671507079585
2009;04/05/2009;6,32074051917999
2009;05/05/2009;4,423231927698067
2009;06/05/2009;6,0974574471115055
2009;07/05/2009;9,366203536950955
2009;08/05/2009;5,886529688253747
2009;09/05/2009;4,032800835070929
2009;10/05/2009;3,8760552916652418
2009;11/05/2009;0,0
2009;12/05/2009;0,0
2009;13/05/2009;3,7798936966836143
2009;14/05/2009;4,868731592239169
2009;15/05/2009;4,004423601173629
2009;16/05/2009;6,005191847656814
2009;17/05/2009;3,2793460829481598
2009;18/05/2009;2,5423235701668583
2009;19/05/2009;6,167126236911784
2009;20/05/2009;5,393028018546779
2009;21/05/2009;5,64032194102221
2009;22/05/2009;8,077966631564111
2009;23/05/2009;0,5460137413279802
2009;24/05/2009;0,0
2009;25/05/2009;0,0
2009;26/05/2009;0,0
2009;27/05/2009;2,994381072184302
2009;28/05/2009;5,194942353265745
2009;29/05/2009;8,286511261719511
2009;30/05/2009;7,993069380182274
2009;31/05/2009;7,2931655466752865
2009;01/06/2009;6,766561972455509
2009;02/06/2009;6,131973339597817
2009;03/06/2009;0,0
2009;04/06/2009;5,252152137711447
2009;05/06/2009;3,6002832571431536
2009;06/06/2009;0,0
2009;07/06/2009;0,0
2009;08/06/2009;0,0
2009;09/06/2009;0,0
2009;10/06/2009;0,0
2009;11/06/2009;4,478155080924356
2009;12/06/2009;7,70514527507832
2009;13/06/2009;8,433178664797863
2009;14/06/2009;6,834391404156558
2009;15/06/2009;0,23871808727149757
2009;16/06/2009;8,097527308712689
2009;17/06/2009;2,0833270483443744
2009;18/06/2009;11,766891923449833
2009;19/06/2009;9,528709508532454
2009;20/06/2009;10,851407987576934
2009;21/06/2009;8,182117853409645
2009;22/06/2009;4,815500697718676
2009;23/06/2009;8,593668627668178
2009;24/06/2009;7,700995916079476
2009;25/06/2009;4,604080055734753
2009;26/06/2009;0,0
2009;27/06/2009;3,1831532717499984
2009;28/06/2009;7,105254605199463
2009;29/06/2009;4,872209570587701
2009;30/06/2009;4,4527387746920235
2009;01/07/2009;7,918836927400768
2009;02/07/2009;6,857082286241118
2009;03/07/2009;6,498788980598876
2009;04/07/2009;2,3053104964607574
2009;05/07/2009;7,879001879539047
2009;06/07/2009;4,408264280685622
2009;07/07/2009;5,236398107999436
2009;08/07/2009;2,936345944198141
2009;09/07/2009;4,461519955036877
2009;10/07/2009;5,417685199284999
2009;11/07/2009;5,826167684392751
2009;12/07/2009;7,33396894530809
2009;13/07/2009;6,216820891935963
2009;14/07/2009;6,629105185671174
2009;15/07/2009;0,0
2009;16/07/2009;7,562698131420698
2009;17/07/2009;7,3810392880601725
2009;18/07/2009;0,0
2009;19/07/2009;3,622024004294003
2009;20/07/2009;7,9255684159844355
2009;21/07/2009;5,952516944173046
2009;22/07/2009;0,0
2009;23/07/2009;0,0
2009;24/07/2009;0,0
2009;25/07/2009;6,296568864045222
2009;26/07/2009;6,305836194646799
2009;27/07/2009;8,983166773681377
2009;28/07/2009;5,708471255586648
2009;29/07/2009;5,746494294028945
2009;30/07/2009;4,257661637523693
2009;31/07/2009;3,2620629422213807
2009;01/08/2009;0,0
2009;02/08/2009;0,0
2009;03/08/2009;0,0
2009;04/08/2009;7,893541816737446
2009;05/08/2009;5,299910607153318
2009;06/08/2009;6,101311297013304
2009;07/08/2009;0,44278275238942544
2009;08/08/2009;7,32002468127711
2009;09/08/2009;3,956154646818838
2009;10/08/2009;3,9963665166108067
2009;11/08/2009;3,241554954314469
2009;12/08/2009;4,912469848772507
2009;13/08/2009;5,71906771980592
2009;14/08/2009;4,505049937076624
2009;15/08/2009;4,071122803032397
2009;16/08/2009;4,3857527308170186
2009;17/08/2009;4,672623894793261
2009;18/08/2009;4,996915842426836
2009;19/08/2009;3,885254036428946
2009;20/08/2009;4,601025339065485
2009;21/08/2009;3,622146862269272
2009;22/08/2009;2,779117282557078
2009;23/08/2009;3,8886500899190013
2009;24/08/2009;4,857338127312789
2009;25/08/2009;0,0
2009;26/08/2009;3,7425161639680526
2009;27/08/2009;2,527421780887686
2009;28/08/2009;2,8969789774215116
2009;29/08/2009;1,714287284262992
2009;30/08/2009;1,8864344461093134
2009;31/08/2009;1,9791252547954756
2009;01/09/2009;0,0
2010;17/04/2010;25,0
2010;18/04/2010;25,0
2010;19/04/2010;25,0
2010;20/04/2010;18,887999999999998
2010;21/04/2010;0,0
2010;22/04/2010;0,0
2010;23/04/2010;3,0200000000000022
2010;24/04/2010;5,303700269459897
2010;25/04/2010;4,408896836953054
2010;26/04/2010;5,422464520872787
2010;27/04/2010;5,150741964544329
2010;28/04/2010;5,526264863093539
2010;29/04/2010;3,0118759158648274
2010;30/04/2010;2,94441647614494
2010;01/05/2010;4,149123513523321
2010;02/05/2010;4,082303914838565
2010;03/05/2010;4,250464261631982
2010;04/05/2010;2,633487140087574
2010;05/05/2010;3,3250005918640366
2010;06/05/2010;4,298103205733517
2010;07/05/2010;2,8270992173721075
2010;08/05/2010;0,0
2010;09/05/2010;0,0
2010;10/05/2010;1,127333890272582
2010;11/05/2010;0,3348302163899426
2010;12/05/2010;0,0
2010;13/05/2010;0,0
2010;14/05/2010;2,8629616199043757
2010;15/05/2010;4,973491055575296
2010;16/05/2010;7,538694991262331
2010;17/05/2010;7,328845460673119
2010;18/05/2010;5,095744856393037
2010;19/05/2010;5,868734775893424
2010;20/05/2010;5,773369584165254
2010;21/05/2010;5,617526055942571
2010;22/05/2010;6,653160837363881
2010;23/05/2010;6,741816773897584
2010;24/05/2010;5,199019918474199
2010;25/05/2010;2,6917317139229975
2010;26/05/2010;0,0
2010;27/05/2010;3,6215572363192274
2010;28/05/2010;2,5128304451135595
2010;29/05/2010;5,171309288478428
2010;30/05/2010;5,0829990916905565
2010;31/05/2010;7,277887439377386
2010;01/06/2010;5,760366305817879
2010;02/06/2010;0,0
2010;03/06/2010;1,6187250015461072
2010;04/06/2010;9,47557415229663
2010;05/06/2010;5,958554245884982
2010;06/06/2010;8,39310909540102
2010;07/06/2010;1,9758740965498522
2010;08/06/2010;0,0
2010;09/06/2010;0,0
2010;10/06/2010;0,0
2010;11/06/2010;0,0
2010;12/06/2010;0,0
2010;13/06/2010;0,0
2010;14/06/2010;4,624387642042306
2010;15/06/2010;0,0
2010;16/06/2010;0,0
2010;17/06/2010;1,8260685815000404
2010;18/06/2010;3,408266984634672
2010;19/06/2010;6,757917769302124
2010;20/06/2010;5,263262517311185
2010;21/06/2010;3,4538643170236947
2010;22/06/2010;4,506117390676975
2010;23/06/2010;7,916180355143078
2010;24/06/2010;6,954907829062074
2010;25/06/2010;7,1152745905056545
2010;26/06/2010;0,0
2010;27/06/2010;7,612166944541363
2010;28/06/2010;6,029060206396497
2010;29/06/2010;6,356610729101508
2010;30/06/2010;5,6986408186370605
2010;01/07/2010;5,902883555941554
2010;02/07/2010;6,526227274939671
2010;03/07/2010;3,3668953271668594
2010;04/07/2010;7,842181579599904
2010;05/07/2010;5,189187398932398
2010;06/07/2010;6,438397701944369
2010;07/07/2010;5,454369000302028
2010;08/07/2010;6,5987657563576985
2010;09/07/2010;5,09049985976457
2010;10/07/2010;6,576711776162795
2010;11/07/2010;5,48456397624458
2010;12/07/2010;6,547759134012168
2010;13/07/2010;5,812942453095048
2010;14/07/2010;3,679809164142843
2010;15/07/2010;3,3162641450246797
2010;16/07/2010;5,156844374407885
2010;17/07/2010;6,7517379793766175
2010;18/07/2010;3,799916349989406
2010;19/07/2010;6,470545588995917
2010;20/07/2010;5,769397671544855
2010;21/07/2010;5,989226565161915
2010;22/07/2010;1,3244116173684168
2010;23/07/2010;5,069767936529327
2010;24/07/2010;4,001602936588984
2010;25/07/2010;4,706641568678448
2010;26/07/2010;5,572161202470299
2010;27/07/2010;4,20913910542079
2010;28/07/2010;5,512432920348602
2010;29/07/2010;5,524036706029675
2010;30/07/2010;4,868174163288803
2010;31/07/2010;3,2916174310827264
2010;01/08/2010;6,333173800062947
2010;02/08/2010;4,633240916538789
2010;03/08/2010;3,7102027139866154
2010;04/08/2010;3,819003737272181
2010;05/08/2010;5,22762225151633
2010;06/08/2010;2,7208876211012782
2010;07/08/2010;4,386606165980987
2010;08/08/2010;5,144353547337523
2010;09/08/2010;2,9685443019790356
2010;10/08/2010;6,035466239057403
2010;11/08/2010;4,1430876987336855
2010;12/08/2010;4,35358312527356
2010;13/08/2010;2,3279701531759747
2010;14/08/2010;0,9865958848789673
2010;15/08/2010;1,758400609446924
2010;16/08/2010;2,754546015166438
2010;17/08/2010;3,2812772553763327
2010;18/08/2010;3,319941138529407
2010;19/08/2010;2,417195233087497
2010;20/08/2010;2,920713040414503
2010;21/08/2010;2,719026691918909
2010;22/08/2010;2,1274533427508517
2010;23/08/2010;2,186581300592414
2010;24/08/2010;1,7712419306291427
2010;25/08/2010;2,4200307688431035
2010;26/08/2010;1,9036242065972784
2010;27/08/2010;0,0
2011;15/04/2011;25,0
2011;16/04/2011;25,0
2011;17/04/2011;25,0
2011;18/04/2011;25,0
2011;19/04/2011;4,237370041022003
2011;20/04/2011;0,0
2011;21/04/2011;0,0
2011;22/04/2011;0,0
2011;23/04/2011;0,0
2011;24/04/2011;0,22786609479731856
2011;25/04/2011;5,073156413220039
2011;26/04/2011;4,433249378795047
2011;27/04/2011;3,688290907239156
2011;28/04/2011;5,144864883138762
2011;29/04/2011;3,039745146567026
2011;30/04/2011;0,0
2011;01/05/2011;0,0
2011;02/05/2011;0,0
2011;03/05/2011;6,823605098725686
2011;04/05/2011;6,765543708575818
2011;05/05/2011;7,5379444236596225
2011;06/05/2011;1,503698371471336
2011;07/05/2011;1,3932428276203024
2011;08/05/2011;4,423480906763521
2011;09/05/2011;4,586493978459497
2011;10/05/2011;4,732027929193817
2011;11/05/2011;4,186000798786175
2011;12/05/2011;0,0
2011;13/05/2011;0,0
2011;14/05/2011;4,867096432379775
2011;15/05/2011;3,2090462246268534
2011;16/05/2011;3,895372504309651
2011;17/05/2011;3,0774227588327707
2011;18/05/2011;2,919202503712098
2011;19/05/2011;4,608823612234988
2011;20/05/2011;2,7098712410659367
2011;21/05/2011;5,252524620532986
2011;22/05/2011;4,6637210888768195
2011;23/05/2011;5,4387048557585835
2011;24/05/2011;3,726916920638036
2011;25/05/2011;4,345192013557297
2011;26/05/2011;3,4700803064040153
2011;27/05/2011;3,6523732304348338
2011;28/05/2011;3,5368166736624134
2011;29/05/2011;5,682202932642053
2011;30/05/2011;2,6654847545178253
2011;31/05/2011;3,5342155659788865
2011;01/06/2011;0,0
2011;02/06/2011;1,0794027646012523
2011;03/06/2011;0,9227596851602834
2011;04/06/2011;4,461965001726562
2011;05/06/2011;2,1374426296635267
2011;06/06/2011;2,197701147917286
2011;07/06/2011;0,0
2011;08/06/2011;0,0
2011;09/06/2011;0,0
2011;10/06/2011;1,99521380412783
2011;11/06/2011;3,140936567844809
2011;12/06/2011;2,6590531178829986
2011;13/06/2011;7,444983642636127
2011;14/06/2011;5,724300262121035
2011;15/06/2011;6,30519515504558
2011;16/06/2011;5,377990857058419
2011;17/06/2011;3,4966194384988807
2011;18/06/2011;2,4104193686995496
2011;19/06/2011;3,7076766158349845
2011;20/06/2011;7,473314762871691
2011;21/06/2011;7,3257499195918525
2011;22/06/2011;6,584386546499594
2011;23/06/2011;4,25286394852997
2011;24/06/2011;1,3175003023190723
2011;25/06/2011;8,082733740054294
2011;26/06/2011;7,792632048507584
2011;27/06/2011;1,12973164312774
2011;28/06/2011;7,38939775012741
2011;29/06/2011;3,1896335994361014
2011;30/06/2011;2,2091909450993237
2011;01/07/2011;4,556088489105264
2011;02/07/2011;6,094316559363104
2011;03/07/2011;6,424740605130945
2011;04/07/2011;6,167754197754865
2011;05/07/2011;9,138812365711095
2011;06/07/2011;8,446803734582888
2011;07/07/2011;7,373397642117806
2011;08/07/2011;0,0
2011;09/07/2011;1,220768471961354
2011;10/07/2011;5,539442416005297
2011;11/07/2011;5,420418569046913
2011;12/07/2011;0,0
2011;13/07/2011;0,0
2011;14/07/2011;0,0
2011;15/07/2011;6,282669316573268
2011;16/07/2011;6,445197832561035
2011;17/07/2011;6,282570327985758
2011;18/07/2011;0,0
2011;19/07/2011;2,620504091636576
2011;20/07/2011;4,923490200391074
2011;21/07/2011;6,321987980119948
2011;22/07/2011;3,171282716287381
2011;23/07/2011;1,958902251058905
2011;24/07/2011;4,418340880348062
2011;25/07/2011;2,9821301024526035
2011;26/07/2011;6,442422252579465
2011;27/07/2011;5,579410157170588
2011;28/07/2011;3,3268459593910196
2011;29/07/2011;4,511360407804177
2011;30/07/2011;4,293177731646617
2011;31/07/2011;5,688536610964159
2011;01/08/2011;3,6165276526312353
2011;02/08/2011;0,0
2011;03/08/2011;0,0
2011;04/08/2011;6,3239951010356945
2011;05/08/2011;5,86992774652338
2011;06/08/2011;2,8568257062239413
2011;07/08/2011;2,976421409065652
2011;08/08/2011;3,6435494015011667
2011;09/08/2011;2,6127455621176034
2011;10/08/2011;3,2564730399903734
2011;11/08/2011;4,216982453572491
2011;12/08/2011;5,534577640979699
2011;13/08/2011;4,119028302589818
2011;14/08/2011;4,106430517976457
2011;15/08/2011;2,0548370388566095
2011;16/08/2011;4,329175839287437
2011;17/08/2011;4,201293677720848
2011;18/08/2011;3,241940131433845
2011;19/08/2011;2,98492315064951
2011;20/08/2011;1,5850066315996152
2011;21/08/2011;0,0
2011;22/08/2011;0,0
2011;23/08/2011;0,0
2011;24/08/2011;0,0
2011;25/08/2011;0,0
2012;22/04/2012;25,0
2012;23/04/2012;25,0
2012;24/04/2012;25,0
2012;25/04/2012;25,0
2012;26/04/2012;9,748000000000001
2012;27/04/2012;0,0
2012;28/04/2012;0,0
2012;29/04/2012;0,0
2012;30/04/2012;1,1306737547395609
2012;01/05/2012;3,0174050815681417
2012;02/05/2012;0,0
2012;03/05/2012;0,0
2012;04/05/2012;0,0
2012;05/05/2012;0,0
2012;06/05/2012;6,5648318998956965
2012;07/05/2012;3,9903975935550666
2012;08/05/2012;0,0
2012;09/05/2012;4,509332429630831
2012;10/05/2012;6,641797832841703
2012;11/05/2012;6,453821421893956
2012;12/05/2012;1,652113779622793
2012;13/05/2012;7,801454872538703
2012;14/05/2012;5,8963958484833014
2012;15/05/2012;7,248187353814155
2012;16/05/2012;3,0869015508318283
2012;17/05/2012;5,118426915297758
2012;18/05/2012;6,465279787991624
2012;19/05/2012;0,0
2012;20/05/2012;1,8100737094078099
2012;21/05/2012;2,52465515634427
2012;22/05/2012;4,301187265213008
2012;23/05/2012;5,984748760747
2012;24/05/2012;5,592597415487804
2012;25/05/2012;7,12843884500786
2012;26/05/2012;6,916876256760605
2012;27/05/2012;0,0
2012;28/05/2012;4,017819034258315
2012;29/05/2012;6,145729069709827
2012;30/05/2012;6,548542194240083
2012;31/05/2012;6,17050123044114
2012;01/06/2012;0,0
2012;02/06/2012;3,0388269454220627
2012;03/06/2012;0,0
2012;04/06/2012;8,341183968352523
2012;05/06/2012;4,148142385155003
2012;06/06/2012;5,155898253204828
2012;07/06/2012;3,6409783860953278
2012;08/06/2012;5,638673482997414
2012;09/06/2012;0,0
2012;10/06/2012;0,0
2012;11/06/2012;8,528572009213413
2012;12/06/2012;0,0
2012;13/06/2012;2,3508960836357007
2012;14/06/2012;0,0
2012;15/06/2012;4,695887786284715
2012;16/06/2012;6,176671764185335
2012;17/06/2012;1,1952168620051031
2012;18/06/2012;6,595900707273571
2012;19/06/2012;5,130644235391008
2012;20/06/2012;4,183525857873154
2012;21/06/2012;0,504192510770398
2012;22/06/2012;9,102017141272508
2012;23/06/2012;2,930222055334674
2012;24/06/2012;12,279963468728372
2012;25/06/2012;11,955719109911527
2012;26/06/2012;7,7212148377422505
2012;27/06/2012;9,77474960752382
2012;28/06/2012;7,678026895345525
2012;29/06/2012;6,44741098801538
2012;30/06/2012;0,519597301298226
2012;01/07/2012;0,0
2012;02/07/2012;3,0580467263054816
2012;03/07/2012;8,488846203910786
2012;04/07/2012;5,197862912695078
2012;05/07/2012;5,422535020735457
2012;06/07/2012;0,024694385965317478
2012;07/07/2012;7,412458232660289
2012;08/07/2012;2,92405188745877
2012;09/07/2012;5,265660505017836
2012;10/07/2012;6,67774515384147
2012;11/07/2012;2,3487448931489396
2012;12/07/2012;6,606516142360893
2012;13/07/2012;4,735460968542016
2012;14/07/2012;2,9857239365184856
2012;15/07/2012;2,2544163386807456
2012;16/07/2012;3,1524106434902284
2012;17/07/2012;7,1601260681008645
2012;18/07/2012;7,954468742233241
2012;19/07/2012;7,772645548557099
2012;20/07/2012;4,923369742333958
2012;21/07/2012;5,061153445407884
2012;22/07/2012;4,648580526444781
2012;23/07/2012;5,090652758533809
2012;24/07/2012;5,935715541581568
2012;25/07/2012;6,087141978034346
2012;26/07/2012;0,5990246632848362
2012;27/07/2012;3,968520656631825
2012;28/07/2012;3,0243649670110733
2012;29/07/2012;3,289720807393831
2012;30/07/2012;5,535363597109516
2012;31/07/2012;5,071044233806057
2012;01/08/2012;6,803246616788995
2012;02/08/2012;4,003162462823134
2012;03/08/2012;4,117136943026555
2012;04/08/2012;2,46229663728759
2012;05/08/2012;2,9748671125398123
2012;06/08/2012;3,5794770655362367
2012;07/08/2012;1,7197364840268934
2012;08/08/2012;6,385711086001299
2012;09/08/2012;5,7803680657174095
2012;10/08/2012;5,002453959669251
2012;11/08/2012;3,980800253364963
2012;12/08/2012;6,147268376418032
2012;13/08/2012;1,438827022531795
2012;14/08/2012;5,681564549905785
2012;15/08/2012;0,8120846030047502
2012;16/08/2012;1,1771619443829806
2012;17/08/2012;4,8126338802544675
2012;18/08/2012;5,19069750181325
2012;19/08/2012;3,9956220000858034
2012;20/08/2012;3,581802381000993
2012;21/08/2012;1,3951741749048447
2012;22/08/2012;5,282289893893614
2012;23/08/2012;3,971426059707821
2012;24/08/2012;1,0207561293052017
2012;25/08/2012;4,040467031919245
2012;26/08/2012;2,202319139508368
2012;27/08/2012;0,7951566799285243
2012;28/08/2012;3,6407811820544125
2012;29/08/2012;0,9879930724364694
2012;30/08/2012;2,8401089493937315
2012;31/08/2012;1,260922465880245
2012;01/09/2012;0,0
2013;15/04/2013;25,0
2013;16/04/2013;25,0
2013;17/04/2013;25,0
2013;18/04/2013;25,0
2013;19/04/2013;15,006000000000004
2013;20/04/2013;4,507999999999995
2013;21/04/2013;2,753000000000016
2013;22/04/2013;4,747000000000008
2013;23/04/2013;2,6127088594535897
2013;24/04/2013;3,589200388606
2013;25/04/2013;5,781706704700786
2013;26/04/2013;5,39480549226516
2013;27/04/2013;2,05742662852378
2013;28/04/2013;3,6994350584801063
2013;29/04/2013;0,0
2013;30/04/2013;0,0
2013;01/05/2013;0,0
2013;02/05/2013;3,026053241480959
2013;03/05/2013;4,781692580714063
2013;04/05/2013;4,138637102968214
2013;05/05/2013;5,215015638146084
2013;06/05/2013;3,7415342963387057
2013;07/05/2013;0,0
2013;08/05/2013;0,0
2013;09/05/2013;0,0
2013;10/05/2013;0,0
2013;11/05/2013;6,401967296201068
2013;12/05/2013;4,594623683488824
2013;13/05/2013;1,7301177038665303
2013;14/05/2013;5,239893026699674
2013;15/05/2013;3,5155264878161674
2013;16/05/2013;0,0
2013;17/05/2013;0,0
2013;18/05/2013;1,0720698529343644
2013;19/05/2013;2,763499347715155
2013;20/05/2013;4,286195043947373
2013;21/05/2013;3,7723208844514002
2013;22/05/2013;7,098448348814509
2013;23/05/2013;6,749396186611899
2013;24/05/2013;4,671948482167579
2013;25/05/2013;2,5410525630439933
2013;26/05/2013;1,3202486067948207
2013;27/05/2013;0,3259132213345063
2013;28/05/2013;2,573103625252111
2013;29/05/2013;0,0
2013;30/05/2013;0,7065434094224174
2013;31/05/2013;0,7291401112136653
2013;01/06/2013;0,7002095701821803
2013;02/06/2013;1,6917473408107804
2013;03/06/2013;1,8362398509353999
2013;04/06/2013;0,62904690086431
2013;05/06/2013;4,258355931859729
2013;06/06/2013;7,428584917474743
2013;07/06/2013;0,07501830188080238
2013;08/06/2013;1,707427572977285
2013;09/06/2013;0,34934599688927925
2013;10/06/2013;6,241594740705282
2013;11/06/2013;0,4977843077117632
2013;12/06/2013;7,517108751060136
2013;13/06/2013;7,874584244261582
2013;14/06/2013;2,287512943773451
2013;15/06/2013;7,672587281974957
2013;16/06/2013;6,401320884185721
2013;17/06/2013;5,884169122010933
2013;18/06/2013;0,0
2013;19/06/2013;0,0
2013;20/06/2013;0,0
2013;21/06/2013;5,2279219449935805
2013;22/06/2013;6,395108836831532
2013;23/06/2013;6,112706797046445
2013;24/06/2013;4,3387361077927125
2013;25/06/2013;0,7581781818968263
2013;26/06/2013;8,10574430333013
2013;27/06/2013;4,360109195415723
2013;28/06/2013;5,980221957602597
2013;29/06/2013;3,2299831056742225
2013;30/06/2013;7,915196473641803
2013;01/07/2013;3,8612847654352285
2013;02/07/2013;4,024152987495906
2013;03/07/2013;7,702159401336949
2013;04/07/2013;5,978809247693832
2013;05/07/2013;6,587792332742449
2013;06/07/2013;8,182566855129036
2013;07/07/2013;6,289338475490039
2013;08/07/2013;2,6557164359130323
2013;09/07/2013;6,902329403261531
2013;10/07/2013;6,9509527968982425
2013;11/07/2013;2,6943156097655843
2013;12/07/2013;7,427512726284439
2013;13/07/2013;5,391816851164263
2013;14/07/2013;3,7177185508034096
2013;15/07/2013;0,0
2013;16/07/2013;3,6636794454217547
2013;17/07/2013;6,155432612873406
2013;18/07/2013;9,039485704016311
2013;19/07/2013;5,9279547390164105
2013;20/07/2013;7,681757565841648
2013;21/07/2013;7,52560806426146
2013;22/07/2013;2,1585323744145732
2013;23/07/2013;5,478388971471524
2013;24/07/2013;4,6757273909800805
2013;25/07/2013;4,737509413643069
2013;26/07/2013;6,319376285149647
2013;27/07/2013;3,7055172457924748
2013;28/07/2013;1,331010708445034
2013;29/07/2013;0,0
2013;30/07/2013;3,2562522561212526
2013;31/07/2013;6,095407068808528
2013;01/08/2013;5,885378283219862
2013;02/08/2013;5,765530761284644
2013;03/08/2013;2,6525501477933378
2013;04/08/2013;3,416172634366525
2013;05/08/2013;3,181929043481942
2013;06/08/2013;2,8021832521631245
2013;07/08/2013;0,9552874411960737
2013;08/08/2013;2,9009113577556382
2013;09/08/2013;4,630918446559232
2013;10/08/2013;3,9440319219877553
2013;11/08/2013;4,14775122070516
2013;12/08/2013;0,0
2013;13/08/2013;0,0
2013;14/08/2013;4,440348246450286
2013;15/08/2013;4,262980332608958
2013;16/08/2013;3,7143982705544745
2013;17/08/2013;2,441459809408779
2013;18/08/2013;2,9104675022930278
2013;19/08/2013;0,0
2013;20/08/2013;2,249400503405062
2013;21/08/2013;1,8567561530042944
2013;22/08/2013;2,723026358421703
2013;23/08/2013;2,653881792050605
2013;24/08/2013;0,0
2013;25/08/2013;0,0
2014;15/04/2014;25,0
2014;16/04/2014;25,0
2014;17/04/2014;25,0
2014;18/04/2014;25,0
2014;19/04/2014;2,0871038924120078
2014;20/04/2014;0,0
2014;21/04/2014;0,0
2014;22/04/2014;4,389999999999991
2014;23/04/2014;2,903585985205765
2014;24/04/2014;3,8671315975816443
2014;25/04/2014;2,730505247858684
2014;26/04/2014;0,0
2014;27/04/2014;4,579447971619087
2014;28/04/2014;4,097797768967799
2014;29/04/2014;4,891570962080394
2014;30/04/2014;4,336566606575438
2014;01/05/2014;4,746450095731786
2014;02/05/2014;5,65591655060818
2014;03/05/2014;3,7303500266854517
2014;04/05/2014;4,279189435325552
2014;05/05/2014;4,703847310420173
2014;06/05/2014;6,06551731948572
2014;07/05/2014;2,0693558639180756
2014;08/05/2014;7,930975590488998
2014;09/05/2014;5,284242045459269
2014;10/05/2014;5,323840847815154
2014;11/05/2014;6,994967914762916
2014;12/05/2014;4,523400767253132
2014;13/05/2014;2,337815925889435
2014;14/05/2014;4,296849399016397
2014;15/05/2014;4,6810983908474535
2014;16/05/2014;4,782206776752682
2014;17/05/2014;5,253880271727833
2014;18/05/2014;2,4954380353219188
2014;19/05/2014;5,051698176851045
2014;20/05/2014;0,0
2014;21/05/2014;0,0
2014;22/05/2014;0,0
2014;23/05/2014;0,0
2014;24/05/2014;4,190232950616581
2014;25/05/2014;4,289516428870412
2014;26/05/2014;4,101493215149718
2014;27/05/2014;1,6398062811507124
2014;28/05/2014;2,4707316618040593
2014;29/05/2014;1,3441287243485522
2014;30/05/2014;0,43109795983778043
2014;31/05/2014;0,4549616988234978
2014;01/06/2014;0,65546544264806
2014;02/06/2014;2,060955780831717
2014;03/06/2014;5,298947899457938
2014;04/06/2014;7,299289711980665
2014;05/06/2014;0,9685491603512872
2014;06/06/2014;0,0
2014;07/06/2014;5,85097205968872
2014;08/06/2014;0,0
2014;09/06/2014;2,75504825726348
2014;10/06/2014;1,6773618406025363
2014;11/06/2014;1,6795961265856167
2014;12/06/2014;8,945413582621434
2014;13/06/2014;6,880372444285571
2014;14/06/2014;6,904783419569388
2014;15/06/2014;4,2371100376811635
2014;16/06/2014;5,129917225459866
2014;17/06/2014;0,0
2014;18/06/2014;7,338105416680812
2014;19/06/2014;5,19181938449186
2014;20/06/2014;7,054323740323444
2014;21/06/2014;6,314640664544533
2014;22/06/2014;3,9980338418593018
2014;23/06/2014;2,110940807304032
2014;24/06/2014;1,4816989841735153
2014;25/06/2014;0,0
2014;26/06/2014;4,697263184874982
2014;27/06/2014;7,958387479584196
2014;28/06/2014;1,4921194705432959
2014;29/06/2014;0,0
2014;30/06/2014;3,4156347177405078
2014;01/07/2014;5,755396286112332
2014;02/07/2014;0,5316410884608289
2014;03/07/2014;0,0
2014;04/07/2014;0,0
2014;05/07/2014;9,441618784928266
2014;06/07/2014;0,0
2014;07/07/2014;4,0303914890916275
2014;08/07/2014;5,602775270942251
2014;09/07/2014;8,115564323002708
2014;10/07/2014;2,9670078487460203
2014;11/07/2014;5,186097309214137
2014;12/07/2014;6,80835126643434
2014;13/07/2014;4,034733041656659
2014;14/07/2014;6,6288032743458585
2014;15/07/2014;5,270508603756415
2014;16/07/2014;6,431667996658535
2014;17/07/2014;6,261370007022107
2014;18/07/2014;6,965463498010225
2014;19/07/2014;0,0
2014;20/07/2014;0,0
2014;21/07/2014;3,2947424708328197
2014;22/07/2014;3,8542265253623906
2014;23/07/2014;6,257229296723034
2014;24/07/2014;5,903437238238778
2014;25/07/2014;5,534627183752899
2014;26/07/2014;4,686486987469902
2014;27/07/2014;5,851125393583651
2014;28/07/2014;4,609317920282246
2014;29/07/2014;4,590495431127595
2014;30/07/2014;3,394554203577588
2014;31/07/2014;3,755457568517441
2014;01/08/2014;5,180424734408754
2014;02/08/2014;0,0
2014;03/08/2014;0,0
2014;04/08/2014;4,609667673027479
2014;05/08/2014;4,272509691952251
2014;06/08/2014;4,945707300311083
2014;07/08/2014;5,093934088415853
2014;08/08/2014;0,0
2014;09/08/2014;1,503970392401559
2014;10/08/2014;5,035748214540902
2014;11/08/2014;3,2571938248037924
2014;12/08/2014;4,448070858785157
2014;13/08/2014;1,2091075249064067
2014;14/08/2014;2,120411228833549
2014;15/08/2014;1,2540362662624074
2014;16/08/2014;2,67328213982134
2014;17/08/2014;1,0084775120749412
2014;18/08/2014;3,460854875653614
2014;19/08/2014;3,5356600562857388
2014;20/08/2014;0,92545902569407
2014;21/08/2014;2,29386444352853
2014;22/08/2014;1,059926386804412
2014;23/08/2014;1,8950613719985294
2014;24/08/2014;1,2259614920245296
2014;25/08/2014;0,0
2015;15/04/2015;25,0
2015;16/04/2015;25,0
2015;17/04/2015;25,0
2015;18/04/2015;11,701172761708698
2015;19/04/2015;1,8659999999999943
2015;20/04/2015;4,250999999999998
2015;21/04/2015;4,6100000000000065
2015;22/04/2015;2,3382820173719985
2015;23/04/2015;0,0
2015;24/04/2015;5,416263710150394
2015;25/04/2015;0,0
2015;26/04/2015;0,0
2015;27/04/2015;0,0
2015;28/04/2015;0,0
2015;29/04/2015;3,0398612266117677
2015;30/04/2015;7,04637969501808
2015;01/05/2015;0,899156375250195
2015;02/05/2015;3,2034424971576643
2015;03/05/2015;4,701572520522592
2015;04/05/2015;0,0
2015;05/05/2015;0,0
2015;06/05/2015;0,7640661072182013
2015;07/05/2015;8,689358773501388
2015;08/05/2015;10,552997882341971
2015;09/05/2015;6,108436006170224
2015;10/05/2015;7,552671495476827
2015;11/05/2015;7,680763346859654
2015;12/05/2015;6,366274217299788
2015;13/05/2015;7,4346113616628235
2015;14/05/2015;4,239632848880043
2015;15/05/2015;1,947500203660018
2015;16/05/2015;4,4513886170167805
2015;17/05/2015;4,636519211198734
2015;18/05/2015;4,292207169947772
2015;19/05/2015;7,513712495583919
2015;20/05/2015;0,0
2015;21/05/2015;0,44411620265939866
2015;22/05/2015;1,9698228251484293
2015;23/05/2015;1,1941148031194773
2015;24/05/2015;1,4431340990338999
2015;25/05/2015;1,7445546247287211
2015;26/05/2015;4,009328723299735
2015;27/05/2015;3,799323650620949
2015;28/05/2015;2,5400023200597586
2015;29/05/2015;5,998518944610456
2015;30/05/2015;5,2823923453411386
2015;31/05/2015;2,342099885132246
2015;01/06/2015;4,782799023331902
2015;02/06/2015;4,835572172511284
2015;03/06/2015;5,372635043282676
2015;04/06/2015;8,236473733441835
2015;05/06/2015;5,841365226641443
2015;06/06/2015;2,958054421587568
2015;07/06/2015;6,803503880305135
2015;08/06/2015;7,468435799875651
2015;09/06/2015;7,196254994106359
2015;10/06/2015;0,90256185109941
2015;11/06/2015;0,0
2015;12/06/2015;7,213564910626761
2015;13/06/2015;0,0
2015;14/06/2015;1,2308838357356013
2015;15/06/2015;0,0
2015;16/06/2015;3,7910202748853195
2015;17/06/2015;4,01317342193585
2015;18/06/2015;4,15364907512712
2015;19/06/2015;6,9543013352151455
2015;20/06/2015;6,067452818475896
2015;21/06/2015;4,985153482659117
2015;22/06/2015;7,088793946891547
2015;23/06/2015;4,114670772085184
2015;24/06/2015;4,188835194287127
2015;25/06/2015;4,989857937362248
2015;26/06/2015;6,745347193057981
2015;27/06/2015;8,055596025357556
2015;28/06/2015;4,95590967362053
2015;29/06/2015;7,3777778373166605
2015;30/06/2015;7,137929869977838
2015;01/07/2015;7,047541981615482
2015;02/07/2015;1,746778008819346
2015;03/07/2015;7,499959208812298
2015;04/07/2015;7,730310861465534
2015;05/07/2015;4,5357545118572515
2015;06/07/2015;7,037924347885118
2015;07/07/2015;6,731134478272179
2015;08/07/2015;6,598442425220407
2015;09/07/2015;3,9564800911954014
2015;10/07/2015;6,480390123898925
2015;11/07/2015;7,971752003190484
2015;12/07/2015;3,310074723849638
2015;13/07/2015;7,4146026981595465
2015;14/07/2015;7,208773987962106
2015;15/07/2015;9,808483611492733
2015;16/07/2015;8,306417497467763
2015;17/07/2015;9,322914347281774
2015;18/07/2015;7,234435690339442
2015;19/07/2015;6,983713360472133
2015;20/07/2015;5,775739256738838
2015;21/07/2015;5,504720437717849
2015;22/07/2015;1,1910390547474803
2015;23/07/2015;8,042393886690977
2015;24/07/2015;5,9387167772602085
2015;25/07/2015;3,5522061324307774
2015;26/07/2015;3,131383207446608
2015;27/07/2015;6,877902701435354
2015;28/07/2015;8,002931140819484
2015;29/07/2015;4,226302953743716
2015;30/07/2015;4,946959189991942
2015;31/07/2015;0,0
2015;01/08/2015;5,139110248525288
2015;02/08/2015;3,014313971631586
2015;03/08/2015;7,230967072279266
2015;04/08/2015;5,343688927670774
2015;05/08/2015;2,7606386723946406
2015;06/08/2015;5,851505504435853
2015;07/08/2015;5,018196712847902
2015;08/08/2015;4,041162892856243
2015;09/08/2015;2,9612478927181867
2015;10/08/2015;1,483708449854304
2015;11/08/2015;5,830417647192396
2015;12/08/2015;3,9946399620409823
2015;13/08/2015;1,487264727597767
2015;14/08/2015;1,4195808706485618
2015;15/08/2015;2,2992056593036168
2015;16/08/2015;1,64428818282396
2015;17/08/2015;3,018404658625567
2015;18/08/2015;3,077741956348535
2015;19/08/2015;1,34235102651629
2015;20/08/2015;2,71071003455119
2015;21/08/2015;2,8325744481513144
2015;22/08/2015;2,074936763626033
2015;23/08/2015;2,611048608553963
2015;24/08/2015;0,0
2015;25/08/2015;0,0
2016;21/04/2016;25,0
2016;22/04/2016;25,0
2016;23/04/2016;25,0
2016;24/04/2016;13,392999999999997
2016;25/04/2016;4,281000000000013
2016;26/04/2016;2,9899999999999998
2016;27/04/2016;4,855000000000003
2016;28/04/2016;0,0
2016;29/04/2016;5,021155678804597
2016;30/04/2016;3,995007688736161
2016;01/05/2016;4,024180837844847
2016;02/05/2016;3,8483449374335637
2016;03/05/2016;4,581149312158275
2016;04/05/2016;4,685983432156161
2016;05/05/2016;0,0
2016;06/05/2016;0,0
2016;07/05/2016;0,0
2016;08/05/2016;0,0
2016;09/05/2016;0,0
2016;10/05/2016;0,0
2016;11/05/2016;0,0
2016;12/05/2016;0,0
2016;13/05/2016;0,0
2016;14/05/2016;0,4369587998347477
2016;15/05/2016;4,634035409520042
2016;16/05/2016;4,464774502681912
2016;17/05/2016;3,9685083151001903
2016;18/05/2016;3,876873433884477
2016;19/05/2016;4,82632288672893
2016;20/05/2016;3,3358822612978747
2016;21/05/2016;1,448127836369991
2016;22/05/2016;3,9362068660670126
2016;23/05/2016;2,1120343894035507
2016;24/05/2016;4,3432008054096425
2016;25/05/2016;4,6198591623067
2016;26/05/2016;5,673858350702038
2016;27/05/2016;6,378691533747286
2016;28/05/2016;0,0
2016;29/05/2016;0,0
2016;30/05/2016;0,0
2016;31/05/2016;0,0
2016;01/06/2016;4,411758547159193
2016;02/06/2016;2,1431748873259404
2016;03/06/2016;4,257583229028865
2016;04/06/2016;5,55416959468017
2016;05/06/2016;3,5173072498836926
2016;06/06/2016;3,1881381706570866
2016;07/06/2016;4,583076785799664
2016;08/06/2016;6,48674880697928
2016;09/06/2016;6,285474584693466
2016;10/06/2016;5,727362036188252
2016;11/06/2016;4,489580850019939
2016;12/06/2016;2,8409245086841044
2016;13/06/2016;5,273490678482631
2016;14/06/2016;7,104119795124728
2016;15/06/2016;0,0
2016;16/06/2016;0,0
2016;17/06/2016;0,5434818882466601
2016;18/06/2016;0,4587864404921706
2016;19/06/2016;2,101543810939983
2016;20/06/2016;4,234857915999582
2016;21/06/2016;8,202837176146796
2016;22/06/2016;7,301493205631311
2016;23/06/2016;6,983615237990547
2016;24/06/2016;7,385389873547586
2016;25/06/2016;2,5594767267574827
2016;26/06/2016;6,019089063490377
2016;27/06/2016;3,4910316545634874
2016;28/06/2016;5,846362336304829
2016;29/06/2016;7,880418672087714
2016;30/06/2016;6,515538385611046
2016;01/07/2016;4,0835061959198296
2016;02/07/2016;10,378437172095488
2016;03/07/2016;7,090521063630415
2016;04/07/2016;8,492053927918374
2016;05/07/2016;8,734647573698027
2016;06/07/2016;8,71865511033575
2016;07/07/2016;7,9886478924284505
2016;08/07/2016;5,979253066011942
2016;09/07/2016;7,3394624740580765
2016;10/07/2016;5,4958589090878265
2016;11/07/2016;7,941801841938544
2016;12/07/2016;1,2729577059183539
2016;13/07/2016;6,221097688746637
2016;14/07/2016;0,0
2016;15/07/2016;6,522668132945129
2016;16/07/2016;5,37877565700418
2016;17/07/2016;6,155915032851158
2016;18/07/2016;6,753541377455813
2016;19/07/2016;6,45445833460421
2016;20/07/2016;6,860228756280558
2016;21/07/2016;6,696030723532383
2016;22/07/2016;1,3882970938617891
2016;23/07/2016;6,656553570813727
2016;24/07/2016;4,694596852265141
2016;25/07/2016;5,299776959584187
2016;26/07/2016;5,682255027494708
2016;27/07/2016;5,844316020688348
2016;28/07/2016;5,041120185178078
2016;29/07/2016;5,562758987089409
2016;30/07/2016;5,933657004666975
2016;31/07/2016;4,48316835099021
2016;01/08/2016;4,091007275296368
2016;02/08/2016;4,794765518036017
2016;03/08/2016;5,804801727419516
2016;04/08/2016;5,842995791203038
2016;05/08/2016;3,632128103414729
2016;06/08/2016;3,133002002155739
2016;07/08/2016;5,48969537244009
2016;08/08/2016;6,602462448321209
2016;09/08/2016;4,612893554060696
2016;10/08/2016;3,1868697277928866
2016;11/08/2016;0,8006114244720353
2016;12/08/2016;2,0056690874115595
2016;13/08/2016;6,078633892400829
2016;14/08/2016;4,91917642373531
2016;15/08/2016;5,01905354291277
2016;16/08/2016;3,015553678074023
2016;17/08/2016;4,305694955433848
2016;18/08/2016;3,3797097469070727
2016;19/08/2016;2,325672895338847
2016;20/08/2016;1,4652649764839718
2016;21/08/2016;4,597601989007571
2016;22/08/2016;1,2506535849019607
2016;23/08/2016;4,692283844466589
2016;24/08/2016;3,379742003773738
2016;25/08/2016;2,7075549801464867
2016;26/08/2016;2,3575629408564622
2016;27/08/2016;0,7420016521862669
2016;28/08/2016;3,710032074100165
2016;29/08/2016;1,9328793472301098
2016;30/08/2016;1,1661422213543586
2016;31/08/2016;0,0
2017;15/04/2017;25,0
2017;16/04/2017;25,0
2017;17/04/2017;25,0
2017;18/04/2017;25,0
2017;19/04/2017;15,051000000000002
2017;20/04/2017;5,668999999999992
2017;21/04/2017;5,787000000000008
2017;22/04/2017;5,8230000000000075
2017;23/04/2017;2,7420778125868277
2017;24/04/2017;6,659970617648172
2017;25/04/2017;4,278594203937033
2017;26/04/2017;2,3378678992939044
2017;27/04/2017;1,2257062662141214
2017;28/04/2017;5,380048672786328
2017;29/04/2017;4,635163635081722
2017;30/04/2017;4,421881831007862
2017;01/05/2017;0,7245269783637862
2017;02/05/2017;5,418280119442995
2017;03/05/2017;5,0743914242703
2017;04/05/2017;6,049114543800932
2017;05/05/2017;2,0387637261915716
2017;06/05/2017;2,0031043246061904
2017;07/05/2017;3,4562632568848253
2017;08/05/2017;6,085006229365449
2017;09/05/2017;5,139157204842348
2017;10/05/2017;0,0
2017;11/05/2017;0,0
2017;12/05/2017;0,0
2017;13/05/2017;0,0
2017;14/05/2017;1,322123545613136
2017;15/05/2017;4,406396104687132
2017;16/05/2017;4,598165109902052
2017;17/05/2017;6,619875606501481
2017;18/05/2017;0,0
2017;19/05/2017;3,084863524355396
2017;20/05/2017;2,4727188501314443
2017;21/05/2017;3,218773114892674
2017;22/05/2017;5,173837401119682
2017;23/05/2017;6,330489614791959
2017;24/05/2017;5,98090012992019
2017;25/05/2017;6,307397454080544
2017;26/05/2017;0,0
2017;27/05/2017;0,0
2017;28/05/2017;5,460140116553577
2017;29/05/2017;3,0218978186039713
2017;30/05/2017;4,792202026041016
2017;31/05/2017;7,719303591734798
2017;01/06/2017;5,695660866165035
2017;02/06/2017;6,360879951271778
2017;03/06/2017;5,851771754037544
2017;04/06/2017;0,0
2017;05/06/2017;0,0
2017;06/06/2017;3,48221533980566
2017;07/06/2017;8,742875056665476
2017;08/06/2017;2,5848411563852043
2017;09/06/2017;6,163022120208152
2017;10/06/2017;6,285813115923593
2017;11/06/2017;6,443890448276218
2017;12/06/2017;7,972288822857766
2017;13/06/2017;3,672902364131809
2017;14/06/2017;4,0326720160762015
2017;15/06/2017;8,307454973227923
2017;16/06/2017;7,2975685802108785
2017;17/06/2017;6,617791467888245
2017;18/06/2017;7,175391337791319
2017;19/06/2017;6,414009265031311
2017;20/06/2017;0,0
2017;21/06/2017;9,11210756385881
2017;22/06/2017;7,118335267946642
2017;23/06/2017;7,54081150947663
2017;24/06/2017;6,0497285448611775
2017;25/06/2017;0,0
2017;26/06/2017;0,0
2017;27/06/2017;0,0
2017;28/06/2017;2,072161144197359
2017;29/06/2017;0,640475533496796
2017;30/06/2017;1,7027919827677747
2017;01/07/2017;3,5929101864826958
2017;02/07/2017;7,184996818434585
2017;03/07/2017;7,500568415614589
2017;04/07/2017;10,02803058658551
2017;05/07/2017;9,624924624722759
2017;06/07/2017;1,3782930270468903
2017;07/07/2017;0,0
2017;08/07/2017;0,5140223770863366
2017;09/07/2017;6,505552275659073
2017;10/07/2017;6,660363130852804
2017;11/07/2017;3,061888111030103
2017;12/07/2017;7,208549570775885
2017;13/07/2017;7,1100776747706425
2017;14/07/2017;5,505289097528872
2017;15/07/2017;5,00637849327594
2017;16/07/2017;7,176070041038185
2017;17/07/2017;5,212383702006877
2017;18/07/2017;6,594989671736906
2017;19/07/2017;6,385044274991373
2017;20/07/2017;2,373177599853646
2017;21/07/2017;5,369046489158969
2017;22/07/2017;5,023408070006233
2017;23/07/2017;5,521798401012234
2017;24/07/2017;4,249159888668195
2017;25/07/2017;4,650263797574619
2017;26/07/2017;2,7450143808338083
2017;27/07/2017;6,750069773247417
2017;28/07/2017;6,685036182313487
2017;29/07/2017;4,413565786323899
2017;30/07/2017;5,824347334355929
2017;31/07/2017;3,745794391200885
2017;01/08/2017;0,0
2017;02/08/2017;7,9091061544632595
2017;03/08/2017;5,379976617463123
2017;04/08/2017;6,56966575850333
2017;05/08/2017;5,192426877828746
2017;06/08/2017;4,151232248800741
2017;07/08/2017;3,239376959530456
2017;08/08/2017;3,433053010947641
2017;09/08/2017;1,1154087175369012
2017;10/08/2017;0,32185052135548253
2017;11/08/2017;2,5043470282618183
2017;12/08/2017;3,792631327154866
2017;13/08/2017;4,016201971679651
2017;14/08/2017;4,5277089689402965
2017;15/08/2017;3,832460776529804
2017;16/08/2017;3,3701403967567822
2017;17/08/2017;3,1161145149398184
2017;18/08/2017;3,9172618582543124
2017;19/08/2017;3,504780647755651
2017;20/08/2017;1,2447149648288336
2017;21/08/2017;3,238559201376457
2017;22/08/2017;3,4446472960921186
2017;23/08/2017;1,5427257489556871
2017;24/08/2017;2,1951537465798645
2017;25/08/2017;0,0
2018;17/04/2018;25,0
2018;18/04/2018;25,0
2018;19/04/2018;25,0
2018;20/04/2018;25,0
2018;21/04/2018;15,482000000000003
2018;22/04/2018;0,0
2018;23/04/2018;4,102
2018;24/04/2018;6,502999999999996
2018;25/04/2018;4,939236168077358
2018;26/04/2018;5,918146989695888
2018;27/04/2018;2,4978840004195004
2018;28/04/2018;3,2313088868308855
2018;29/04/2018;0,0
2018;30/04/2018;0,0
2018;01/05/2018;0,0
2018;02/05/2018;5,639073589249431
2018;03/05/2018;2,686916641683138
2018;04/05/2018;4,611579395747093
2018;05/05/2018;4,210795301027284
2018;06/05/2018;4,618425721853942
2018;07/05/2018;4,804388630659461
2018;08/05/2018;5,3167248379357
2018;09/05/2018;3,990721279507113
2018;10/05/2018;4,464648624245048
2018;11/05/2018;3,7886757684315446
2018;12/05/2018;3,7417950400353774
2018;13/05/2018;3,8663654220061994
2018;14/05/2018;1,2466865219355039
2018;15/05/2018;5,811811563431549
2018;16/05/2018;4,495108067918242
2018;17/05/2018;3,558711428151895
2018;18/05/2018;1,2896218408255349
2018;19/05/2018;3,119453297920642
2018;20/05/2018;4,962343110087813
2018;21/05/2018;3,5748674661415913
2018;22/05/2018;2,64221970568476
2018;23/05/2018;3,687123697301364
2018;24/05/2018;0,0
2018;25/05/2018;0,0
2018;26/05/2018;0,0
2018;27/05/2018;0,0
2018;28/05/2018;0,0
2018;29/05/2018;0,0
2018;30/05/2018;0,0
2018;31/05/2018;0,0
2018;01/06/2018;0,0
2018;02/06/2018;2,3858265736572313
2018;03/06/2018;5,9834486043458535
2018;04/06/2018;0,0
2018;05/06/2018;0,0
2018;06/06/2018;0,0
2018;07/06/2018;0,0
2018;08/06/2018;0,0
2018;09/06/2018;0,0
2018;10/06/2018;0,0
2018;11/06/2018;0,0
2018;12/06/2018;0,0
2018;13/06/2018;5,02979700896913
2018;14/06/2018;0,4798739624811801
2018;15/06/2018;6,961228573725637
2018;16/06/2018;5,458794266529929
2018;17/06/2018;5,598362607346665
2018;18/06/2018;5,315106704053793
2018;19/06/2018;5,802937906846585
2018;20/06/2018;4,7466097937887035
2018;21/06/2018;0,0
2018;22/06/2018;0,0
2018;23/06/2018;7,610340583956109
2018;24/06/2018;6,524666554329641
2018;25/06/2018;6,02867278338882
2018;26/06/2018;2,3313051787378414
2018;27/06/2018;6,007533600879024
2018;28/06/2018;0,0
2018;29/06/2018;0,0
2018;30/06/2018;0,0
2018;01/07/2018;0,0
2018;02/07/2018;2,9827410133162395
2018;03/07/2018;0,28134818386453164
2018;04/07/2018;0,0
2018;05/07/2018;1,5948616808916287
2018;06/07/2018;3,5971170319204315
2018;07/07/2018;3,600829115622215
2018;08/07/2018;4,359857142110825
2018;09/07/2018;6,163256896190346
2018;10/07/2018;6,409713680037036
2018;11/07/2018;0,0
2018;12/07/2018;0,0
2018;13/07/2018;0,0
2018;14/07/2018;7,7552584808736285
2018;15/07/2018;5,5729683410899735
2018;16/07/2018;4,190227755081547
2018;17/07/2018;5,564256570971006
2018;18/07/2018;4,506783976037995
2018;19/07/2018;5,395671373312177
2018;20/07/2018;0,0
2018;21/07/2018;0,0
2018;22/07/2018;1,4451655841202833
2018;23/07/2018;7,770198229165928
2018;24/07/2018;5,570673992760859
2018;25/07/2018;5,4640010288072585
2018;26/07/2018;4,711292716926399
2018;27/07/2018;4,1136260030722855
2018;28/07/2018;4,364907198273289
2018;29/07/2018;4,617084990755077
2018;30/07/2018;4,725800201566229
2018;31/07/2018;3,7679885534446624
2018;01/08/2018;3,988109541858039
2018;02/08/2018;5,041419571906186
2018;03/08/2018;5,371624227215853
2018;04/08/2018;5,423413640921822
2018;05/08/2018;4,35522686192014
2018;06/08/2018;4,942230793126307
2018;07/08/2018;5,301198532288259
2018;08/08/2018;3,7958310207718613
2018;09/08/2018;3,6331828126126258
2018;10/08/2018;1,5566305808321896
2018;11/08/2018;3,3271242044539875
2018;12/08/2018;5,1283487955621965
2018;13/08/2018;3,6743015285244676
2018;14/08/2018;3,4992052530545563
2018;15/08/2018;2,3849754361373163
2018;16/08/2018;3,7092967330762003
2018;17/08/2018;4,412292394328993
2018;18/08/2018;0,9767656882086295
2018;19/08/2018;2,682150884802672
2018;20/08/2018;3,608044882425583
2018;21/08/2018;2,6068077651311246
2018;22/08/2018;2,2392966383892174
2018;23/08/2018;2,211468912665554
2018;24/08/2018;2,2525643113385745
2018;25/08/2018;0,6600640639445097
2018;26/08/2018;2,03789536173396
2018;27/08/2018;0,0
2019;15/04/2019;25,0
2019;16/04/2019;25,0
2019;17/04/2019;25,0
2019;18/04/2019;21,20981301549821
2019;19/04/2019;0,0
2019;20/04/2019;0,0
2019;21/04/2019;7,984999999999998
2019;22/04/2019;0,5970000000000075
2019;23/04/2019;2,967755393367163
2019;24/04/2019;0,0
2019;25/04/2019;0,0
2019;26/04/2019;3,551060745201337
2019;27/04/2019;3,806328960836107
2019;28/04/2019;5,613902891116223
2019;29/04/2019;4,549243927932526
2019;30/04/2019;5,452662795221418
2019;01/05/2019;4,342677599976374
2019;02/05/2019;4,853288050346211
2019;03/05/2019;4,333300259778236
2019;04/05/2019;4,193308869038421
2019;05/05/2019;5,370649332800426
2019;06/05/2019;2,446800783063607
2019;07/05/2019;6,129176784464542
2019;08/05/2019;1,6613119934253406
2019;09/05/2019;5,282687378513981
2019;10/05/2019;0,0
2019;11/05/2019;8,541458172026147
2019;12/05/2019;4,997039944683674
2019;13/05/2019;3,932498546042198
2019;14/05/2019;6,258238027743077
2019;15/05/2019;5,187873940278631
2019;16/05/2019;3,177999914077574
2019;17/05/2019;0,0
2019;18/05/2019;3,1514125185935717
2019;19/05/2019;1,122981619386603
2019;20/05/2019;3,7102573358424995
2019;21/05/2019;1,560482558009928
2019;22/05/2019;4,910604890542824
2019;23/05/2019;4,050829547002463
2019;24/05/2019;4,136413602079534
2019;25/05/2019;0,0
2019;26/05/2019;3,2874055135151843
2019;27/05/2019;5,659246281769273
2019;28/05/2019;1,156132170965081
2019;29/05/2019;0,8198611229855473
2019;30/05/2019;4,608255029595373
2019;31/05/2019;6,4326939256220665
2019;01/06/2019;6,926987857106779
2019;02/06/2019;6,788202174379642
2019;03/06/2019;3,3798554565165437
2019;04/06/2019;7,6258072730150115
2019;05/06/2019;0,0
2019;06/06/2019;0,4304217797174832
2019;07/06/2019;3,097916503811085
2019;08/06/2019;2,755222382564468
2019;09/06/2019;3,2740497145622616
2019;10/06/2019;3,50133711794067
2019;11/06/2019;0,0
2019;12/06/2019;0,6035261631753052
2019;13/06/2019;0,3294706056374475
2019;14/06/2019;2,0310729777955965
2019;15/06/2019;1,0371995118697157
2019;16/06/2019;3,0701089298828212
2019;17/06/2019;4,779549863607469
2019;18/06/2019;5,511465840184978
2019;19/06/2019;1,3007596659949128
2019;20/06/2019;1,4692744751037687
2019;21/06/2019;1,6041502090875528
2019;22/06/2019;5,077387497894634
2019;23/06/2019;4,614886100093619
2019;24/06/2019;0,0
2019;25/06/2019;0,0
2019;26/06/2019;0,0
2019;27/06/2019;10,405871878011721
2019;28/06/2019;8,622417868855496
2019;29/06/2019;8,565438573486773
2019;30/06/2019;9,027234810576864
2019;01/07/2019;8,147514067424474
2019;02/07/2019;6,178640397385264
2019;03/07/2019;5,190683295145254
2019;04/07/2019;4,6783422773333925
2019;05/07/2019;0,09087238167314005
2019;06/07/2019;8,616599164050115
2019;07/07/2019;4,582819473814082
2019;08/07/2019;0,0
2019;09/07/2019;0,0
2019;10/07/2019;5,297215660973839
2019;11/07/2019;5,285889097190074
2019;12/07/2019;6,6200446745129815
2019;13/07/2019;3,123217101278527
2019;14/07/2019;3,8175025961365767
2019;15/07/2019;5,537366011985372
2019;16/07/2019;4,440318083171413
2019;17/07/2019;3,4297426382483596
2019;18/07/2019;6,955943479104915
2019;19/07/2019;3,330573201479992
2019;20/07/2019;7,008759850404657
2019;21/07/2019;6,068806982324682
2019;22/07/2019;2,3672906564996055
2019;23/07/2019;6,41353529700009
2019;24/07/2019;2,5991660022312266
2019;25/07/2019;7,178279492587497
2019;26/07/2019;4,856645227794644
2019;27/07/2019;1,3419644189934385
2019;28/07/2019;0,0
2019;29/07/2019;4,008237318505483
2019;30/07/2019;3,427107818065854
2019;31/07/2019;3,4981946009302423
2019;01/08/2019;2,9202859571737574
2019;02/08/2019;5,1764201131461345
2019;03/08/2019;4,5799545178472725
2019;04/08/2019;4,959775722078295
2019;05/08/2019;5,402159057222992
2019;06/08/2019;3,8438239523773934
2019;07/08/2019;0,6254581161232127
2019;08/08/2019;2,5743438615293806
2019;09/08/2019;1,281674153282311
2019;10/08/2019;4,341465342903524
2019;11/08/2019;2,964432224629774
2019;12/08/2019;0,15779488748964665
2019;13/08/2019;1,9503932891110405
2019;14/08/2019;2,4210738560006675
2019;15/08/2019;5,207870887932534
2019;16/08/2019;3,1111463135914486
2019;17/08/2019;3,6810632757354944
2019;18/08/2019;3,1672717534022268
2019;19/08/2019;0,142640380829135
2019;20/08/2019;2,98080309359373
2019;21/08/2019;2,1876387993994704
2019;22/08/2019;2,1507267283246754
2019;23/08/2019;2,0085599815915476
2019;24/08/2019;2,0410996261980148
2019;25/08/2019;0,0
2020;15/04/2020;25,0
2020;16/04/2020;25,0
2020;17/04/2020;25,0
2020;18/04/2020;8,011999999999993
2020;19/04/2020;4,610000000000003
2020;20/04/2020;2,730000000000019
2020;21/04/2020;2,5869999999999918
2020;22/04/2020;1,984125244371619
2020;23/04/2020;5,010324684198745
2020;24/04/2020;1,5398421859796794
2020;25/04/2020;1,6976978085934387
2020;26/04/2020;2,4844746530999897
2020;27/04/2020;0,0
2020;28/04/2020;0,1417931733697353
2020;29/04/2020;4,814807609184873
2020;30/04/2020;1,1477439867951365
2020;01/05/2020;0,0
2020;02/05/2020;0,0
2020;03/05/2020;5,47599266589299
2020;04/05/2020;6,843931733505292
2020;05/05/2020;3,896033339330634
2020;06/05/2020;4,97248067974433
2020;07/05/2020;3,2522732964999945
2020;08/05/2020;0,0
2020;09/05/2020;0,0
2020;10/05/2020;0,0
2020;11/05/2020;1,2996131223451788
2020;12/05/2020;2,7503399578285426
2020;13/05/2020;0,0
2020;14/05/2020;0,0
2020;15/05/2020;0,0
2020;16/05/2020;3,270699719253696
2020;17/05/2020;7,175786371299324
2020;18/05/2020;6,577128507160455
2020;19/05/2020;7,769206337157322
2020;20/05/2020;6,013699672533576
2020;21/05/2020;6,754070577343561
2020;22/05/2020;5,8844204944261165
2020;23/05/2020;6,877528166037641
2020;24/05/2020;0,7380280542988826
2020;25/05/2020;6,7301490087077775
2020;26/05/2020;5,018450843166569
2020;27/05/2020;4,705441145314046
2020;28/05/2020;5,8204452670931275
2020;29/05/2020;6,702889897010274
2020;30/05/2020;6,122770254204186
2020;31/05/2020;1,1705889578215487
2020;01/06/2020;1,0521829351450114
2020;02/06/2020;8,172531285035507
2020;03/06/2020;0,0
2020;04/06/2020;0,0
2020;05/06/2020;0,0
2020;06/06/2020;7,155536925372903
2020;07/06/2020;4,4688294117691285
2020;08/06/2020;0,0
2020;09/06/2020;0,0
2020;10/06/2020;1,3287456419072372
2020;11/06/2020;3,429321802409521
2020;12/06/2020;0,0
2020;13/06/2020;0,0
2020;14/06/2020;0,0928617203842691
2020;15/06/2020;0,9726613085347325
2020;16/06/2020;2,3037276767709676
2020;17/06/2020;2,183864293076092
2020;18/06/2020;0,0
2020;19/06/2020;4,339000978645953
2020;20/06/2020;5,434070799157143
2020;21/06/2020;6,472015971629644
2020;22/06/2020;6,363065292391533
2020;23/06/2020;5,682417336311579
2020;24/06/2020;4,702826554549519
2020;25/06/2020;2,090747468023062
2020;26/06/2020;8,464079410183457
2020;27/06/2020;6,134124561530987
2020;28/06/2020;4,70330844395772
2020;29/06/2020;10,821373429848343
2020;30/06/2020;7,423422952573919
2020;01/07/2020;8,486448032059972
2020;02/07/2020;9,32631727499157
2020;03/07/2020;0,4110470640019024
2020;04/07/2020;4,28455830620697
2020;05/07/2020;6,833334959205786
2020;06/07/2020;6,204559007508022
2020;07/07/2020;5,686094742850655
2020;08/07/2020;0,7544346590181099
2020;09/07/2020;6,8908902381881925
2020;10/07/2020;4,033030459865736
2020;11/07/2020;5,563120522944046
2020;12/07/2020;1,464140299778801
2020;13/07/2020;5,8624214789733635
2020;14/07/2020;4,245108835096247
2020;15/07/2020;5,046369173487587
2020;16/07/2020;4,299984647848469
2020;17/07/2020;5,39556402781344
2020;18/07/2020;4,671611522006269
2020;19/07/2020;4,865461763171463
2020;20/07/2020;6,283217174865518
2020;21/07/2020;4,596989905569283
2020;22/07/2020;3,9430695580343897
2020;23/07/2020;5,191002041868365
2020;24/07/2020;6,47103935177838
2020;25/07/2020;3,0872875128179302
2020;26/07/2020;7,208754157538986
2020;27/07/2020;4,231952559926945
2020;28/07/2020;6,638160533266319
2020;29/07/2020;4,133721490810677
2020;30/07/2020;5,205118102719376
2020;31/07/2020;5,475498172758294
2020;01/08/2020;5,6397983389978865
2020;02/08/2020;4,2171058287365835
2020;03/08/2020;2,2530601844090548
2020;04/08/2020;4,775131443184891
2020;05/08/2020;3,4560159462616546
2020;06/08/2020;5,267489440254673
2020;07/08/2020;4,959447060530013
2020;08/08/2020;4,693799698902538
2020;09/08/2020;4,570193492426557
2020;10/08/2020;3,7784656144759614
2020;11/08/2020;1,9164539312240358
2020;12/08/2020;0,0
2020;13/08/2020;0,0
2020;14/08/2020;5,119726250003234
2020;15/08/2020;3,1520169044144435
2020;16/08/2020;0,9816839697097341
2020;17/08/2020;0,0
2020;18/08/2020;0,0
2020;19/08/2020;0,0
2020;20/08/2020;0,0
2020;21/08/2020;0,0
2020;22/08/2020;0,0
2020;23/08/2020;2,1988284570098746
2020;24/08/2020;2,187037627418012
2020;25/08/2020;0,0
2021;20/04/2021;25,0
2021;21/04/2021;25,0
2021;22/04/2021;25,0
2021;23/04/2021;19,263999999999996
2021;24/04/2021;2,2439999999999656
2021;25/04/2021;2,8339999999999983
2021;26/04/2021;1,1129999999999929
2021;27/04/2021;0,0
2021;28/04/2021;0,0
2021;29/04/2021;0,0
2021;30/04/2021;0,0
2021;01/05/2021;0,0
2021;02/05/2021;0,0
2021;03/05/2021;1,3465194874623814
2021;04/05/2021;5,252681352167312
2021;05/05/2021;6,5140488464682464
2021;06/05/2021;4,173417313253847
2021;07/05/2021;5,36124591559962
2021;08/05/2021;5,278350486729636
2021;09/05/2021;2,308752075824998
2021;10/05/2021;0,0
2021;11/05/2021;0,0
2021;12/05/2021;2,574962407416544
2021;13/05/2021;0,0
2021;14/05/2021;0,0
2021;15/05/2021;6,699102028025002
2021;16/05/2021;0,0
2021;17/05/2021;6,73335513844722
2021;18/05/2021;5,653257862067486
2021;19/05/2021;3,2963823888121615
2021;20/05/2021;4,22950572120602
2021;21/05/2021;6,795473616955626
2021;22/05/2021;1,3950102720063136
2021;23/05/2021;3,0105396248921075
2021;24/05/2021;3,2784306463120827
2021;25/05/2021;2,2940388879265807
2021;26/05/2021;2,2657430772766114
2021;27/05/2021;4,184601397054865
2021;28/05/2021;4,397429124472454
2021;29/05/2021;3,715596249843057
2021;30/05/2021;3,7077990837314596
2021;31/05/2021;5,502653713695031
2021;01/06/2021;0,0
2021;02/06/2021;0,0
2021;03/06/2021;4,2419790801690604
2021;04/06/2021;8,468455378339783
2021;05/06/2021;6,708639152744227
2021;06/06/2021;8,113045786544312
2021;07/06/2021;6,1398263152023596
2021;08/06/2021;6,109587564072486
2021;09/06/2021;6,928144435520249
2021;10/06/2021;5,397672243427902
2021;11/06/2021;5,860050626927441
2021;12/06/2021;7,250238766586918
2021;13/06/2021;4,371010195071767
2021;14/06/2021;3,62632370154172
2021;15/06/2021;6,378113896967805
2021;16/06/2021;0,0
2021;17/06/2021;0,0
2021;18/06/2021;0,0
2021;19/06/2021;0,0
2021;20/06/2021;0,0
2021;21/06/2021;0,0
2021;22/06/2021;0,6038445188113533
2021;23/06/2021;1,1930554594065548
2021;24/06/2021;0,2751452495021329
2021;25/06/2021;3,5543689057755623
2021;26/06/2021;7,183551059622863
2021;27/06/2021;5,054863684275733
2021;28/06/2021;0,0
2021;29/06/2021;1,205350827427016
2021;30/06/2021;5,414211752452445
2021;01/07/2021;5,261283030165575
2021;02/07/2021;2,101385994325663
2021;03/07/2021;0,1107465742035516
2021;04/07/2021;5,957142066708039
2021;05/07/2021;4,427772436179776
2021;06/07/2021;6,40076204166057
2021;07/07/2021;2,1759106551999445
2021;08/07/2021;1,3524606181545262
2021;09/07/2021;3,503143816273859
2021;10/07/2021;6,972620170523921
2021;11/07/2021;6,74046533850692
2021;12/07/2021;6,189531591062967
2021;13/07/2021;0,0
2021;14/07/2021;3,3779977978150786
2021;15/07/2021;3,425269680777724
2021;16/07/2021;5,738430249802221
2021;17/07/2021;5,427610113417296
2021;18/07/2021;5,609368014434941
2021;19/07/2021;5,05456889111532
2021;20/07/2021;5,393192192382314
2021;21/07/2021;5,868244786688087
2021;22/07/2021;4,702578502624733
2021;23/07/2021;6,40728796920961
2021;24/07/2021;2,3285208275845726
2021;25/07/2021;5,770704739822463
2021;26/07/2021;2,6816561633919016
2021;27/07/2021;4,383405686080657
2021;28/07/2021;5,604701101825649
2021;29/07/2021;2,5510964052736176
2021;30/07/2021;6,657825319742519
2021;31/07/2021;4,819215791077186
2021;01/08/2021;0,0
2021;02/08/2021;0,846760343033357
2021;03/08/2021;5,88663570548602
2021;04/08/2021;4,087446771322686
2021;05/08/2021;6,056244629011135
2021;06/08/2021;5,2563328371974345
2021;07/08/2021;1,644441506366268
2021;08/08/2021;3,274174332270874
2021;09/08/2021;0,0
2021;10/08/2021;5,259598089565657
2021;11/08/2021;5,3168992835343545
2021;12/08/2021;4,32819825903505
2021;13/08/2021;4,682602989476589
2021;14/08/2021;3,498652716195262
2021;15/08/2021;5,812533576322998
2021;16/08/2021;4,565666817677715
2021;17/08/2021;1,5265242864744497
2021;18/08/2021;1,933053974133022
2021;19/08/2021;2,6150040973803015
2021;20/08/2021;2,4339335048077846
2021;21/08/2021;4,468551617568917
2021;22/08/2021;1,471804735191479
2021;23/08/2021;3,0933507709054626
2021;24/08/2021;2,1897076421681336
2021;25/08/2021;1,8111901470374452
2021;26/08/2021;1,8280635239522045
2021;27/08/2021;1,4906278771320542
2021;28/08/2021;2,194307125438434
2021;29/08/2021;1,6925272129153772
2021;30/08/2021;0,0
2022;15/04/2022;25,0
2022;16/04/2022;25,0
2022;17/04/2022;25,0
2022;18/04/2022;25,0
2022;19/04/2022;16,308000000000007
2022;20/04/2022;1,8029999999999795
2022;21/04/2022;4,855000000000003
2022;22/04/2022;0,0
2022;23/04/2022;0,0
2022;24/04/2022;0,0
2022;25/04/2022;4,745296705721147
2022;26/04/2022;1,0514937067143073
2022;27/04/2022;1,2569722604699212
2022;28/04/2022;6,547255067529596
2022;29/04/2022;2,5621357295755844
2022;30/04/2022;6,172342148458028
2022;01/05/2022;6,258009298372718
2022;02/05/2022;0,0
2022;03/05/2022;0,0
2022;04/05/2022;4,358243208136722
2022;05/05/2022;6,0705323966884155
2022;06/05/2022;4,800531554310027
2022;07/05/2022;4,920372774513231
2022;08/05/2022;4,846360085301441
2022;09/05/2022;5,782394774616112
2022;10/05/2022;6,518638376610816
2022;11/05/2022;5,917564897350628
2022;12/05/2022;6,400086194982044
2022;13/05/2022;0,0
2022;14/05/2022;0,0
2022;15/05/2022;1,0966698490571756
2022;16/05/2022;7,896015910731969
2022;17/05/2022;8,886182775655588
2022;18/05/2022;7,204338187888844
2022;19/05/2022;4,571913053885092
2022;20/05/2022;7,158364524725583
2022;21/05/2022;6,250687314626272
2022;22/05/2022;1,4267657146759465
2022;23/05/2022;3,9834417146912786
2022;24/05/2022;1,3933073467900792
2022;25/05/2022;0,0
2022;26/05/2022;2,5684836354394514
2022;27/05/2022;7,137605845229187
2022;28/05/2022;8,338126380314797
2022;29/05/2022;6,262270045494308
2022;30/05/2022;3,561443364987179
2022;31/05/2022;1,484426119245839
2022;01/06/2022;3,762116555402844
2022;02/06/2022;3,164711592442876
2022;03/06/2022;0,9617167391205683
2022;04/06/2022;3,135679889616396
2022;05/06/2022;0,0
2022;06/06/2022;5,6515753225794025
2022;07/06/2022;4,500463242119908
2022;08/06/2022;8,248783533690837
2022;09/06/2022;4,649123179252578
2022;10/06/2022;6,59441799380011
2022;11/06/2022;2,585852516452848
2022;12/06/2022;3,5663972576975898
2022;13/06/2022;8,969064427155661
2022;14/06/2022;6,000997794644262
2022;15/06/2022;5,560191295049782
2022;16/06/2022;0,0
2022;17/06/2022;5,914102204721227
2022;18/06/2022;1,3082218030721406
2022;19/06/2022;0,15591101845372957
2022;20/06/2022;0,0988193551939669
2022;21/06/2022;0,0
2022;22/06/2022;0,0
2022;23/06/2022;0,0
2022;24/06/2022;0,0
2022;25/06/2022;1,0128111146208458
2022;26/06/2022;1,9079470558900193
2022;27/06/2022;1,0930987356385324
2022;28/06/2022;2,0981948347445067
2022;29/06/2022;7,122138727810315
2022;30/06/2022;2,0597795453070207
2022;01/07/2022;3,5678835376580755
2022;02/07/2022;4,021787527193397
2022;03/07/2022;7,772660360350622
2022;04/07/2022;1,3774087092837126
2022;05/07/2022;9,744023374273361
2022;06/07/2022;8,480189204888685
2022;07/07/2022;7,484780161715091
2022;08/07/2022;8,560684332873135
2022;09/07/2022;8,222473155921215
2022;10/07/2022;8,216546569187713
2022;11/07/2022;5,805608000546946
2022;12/07/2022;6,869877544675124
2022;13/07/2022;6,261982246598125
2022;14/07/2022;5,860403264848047
2022;15/07/2022;6,278857885045099
2022;16/07/2022;6,391775418401354
2022;17/07/2022;5,899999640053329
2022;18/07/2022;5,949787659600461
2022;19/07/2022;3,5295699933455085
2022;20/07/2022;4,8477319089225235
2022;21/07/2022;6,194883805814405
2022;22/07/2022;6,231572220814603
2022;23/07/2022;4,3482696008496955
2022;24/07/2022;4,9482336799318025
2022;25/07/2022;8,31773451371215
2022;26/07/2022;5,803983333775103
2022;27/07/2022;1,1964327716490883
2022;28/07/2022;7,311027818445318
2022;29/07/2022;5,053979468830946
2022;30/07/2022;5,503086831391121
2022;31/07/2022;4,550916062838088
2022;01/08/2022;5,195833772864442
2022;02/08/2022;5,707173848854484
2022;03/08/2022;4,620053348688053
2022;04/08/2022;5,868667338732336
2022;05/08/2022;4,791444852675897
2022;06/08/2022;4,472673393065034
2022;07/08/2022;4,30190654968789
2022;08/08/2022;5,448200079141917
2022;09/08/2022;4,127275731546841
2022;10/08/2022;3,4215863972160907
2022;11/08/2022;2,3658271210645774
2022;12/08/2022;4,841646430268825
2022;13/08/2022;4,881206360468176
2022;14/08/2022;4,0133116288412145
2022;15/08/2022;5,0964411135897105
2022;16/08/2022;1,9315277853791901
2022;17/08/2022;3,207140481865993
2022;18/08/2022;2,3167140818589225
2022;19/08/2022;1,4885009703302754
2022;20/08/2022;2,776076592108948
2022;21/08/2022;2,9141591560700792
2022;22/08/2022;3,126228431086466
2022;23/08/2022;1,2990628350994076
2022;24/08/2022;0,8609647708393353
2022;25/08/2022;0,0
2023;15/04/2023;25,0
2023;16/04/2023;25,0
2023;17/04/2023;25,0
2023;18/04/2023;25,0
2023;19/04/2023;16,941000000000003
2023;20/04/2023;5,7630000000000035
2023;21/04/2023;1,722642398764383
2023;22/04/2023;1,136000000000013
2023;23/04/2023;1,7805463904480943
2023;24/04/2023;3,135418440089446
2023;25/04/2023;4,5002187442434565
2023;26/04/2023;6,886256448081072
2023;27/04/2023;2,6574758559217804
2023;28/04/2023;7,276115075118951
2023;29/04/2023;4,2660399327966
2023;30/04/2023;7,59163443181703
2023;01/05/2023;2,682285975803849
2023;02/05/2023;6,01326760419896
2023;03/05/2023;5,3956680068198315
2023;04/05/2023;5,468385882935967
2023;05/05/2023;1,512414506030106
2023;06/05/2023;3,784071994064177
2023;07/05/2023;2,2041043794543844
2023;08/05/2023;6,855689282732068
2023;09/05/2023;6,35888405577482
2023;10/05/2023;6,0364076815729
2023;11/05/2023;3,1153344707601374
2023;12/05/2023;5,123022040349762
2023;13/05/2023;3,453460298685444
2023;14/05/2023;4,5042987146008935
2023;15/05/2023;3,4164857776170123
2023;16/05/2023;3,131318079045747
2023;17/05/2023;3,275577582115413
2023;18/05/2023;5,2405055061474455
2023;19/05/2023;1,7078901270260793
2023;20/05/2023;2,930290664929622
2023;21/05/2023;0,7350741087971462
2023;22/05/2023;2,5843726696207616
2023;23/05/2023;3,850243982632559
2023;24/05/2023;1,2297506532596936
2023;25/05/2023;2,333500940055784
2023;26/05/2023;2,45080060433468
2023;27/05/2023;0,0
2023;28/05/2023;5,503902524960941
2023;29/05/2023;2,8336493183433737
2023;30/05/2023;0,0
2023;31/05/2023;3,1809604236974116
2023;01/06/2023;0,0
2023;02/06/2023;0,0
2023;03/06/2023;5,882615049789131
2023;04/06/2023;6,939920497174936
2023;05/06/2023;6,8846210163573875
2023;06/06/2023;5,810334521102628
2023;07/06/2023;1,45384814969268
2023;08/06/2023;0,0
2023;09/06/2023;0,0
2023;10/06/2023;0,0
2023;11/06/2023;1,6002894656773567
2023;12/06/2023;0,0
2023;13/06/2023;0,20644991455958084
2023;14/06/2023;5,406686086122371
2023;15/06/2023;7,903210745124162
2023;16/06/2023;8,053730654303124
2023;17/06/2023;7,273584778338397
2023;18/06/2023;9,978169374962327
2023;19/06/2023;2,6325570243197136
2023;20/06/2023;0,3593686633253912
2023;21/06/2023;1,7863736764150804
2023;22/06/2023;4,088278791253767
2023;23/06/2023;6,050177272954543
2023;24/06/2023;6,607442686210711
2023;25/06/2023;6,13298903114695
2023;26/06/2023;5,675597425082613
2023;27/06/2023;4,296430886611995
2023;28/06/2023;6,014818488060491
2023;29/06/2023;6,087685928332881
2023;30/06/2023;3,734819530131718
2023;01/07/2023;2,1946681621427384
2023;02/07/2023;7,855712566587652
2023;03/07/2023;4,524817055856703
2023;04/07/2023;6,131559262552663
2023;05/07/2023;5,627488670203476
2023;06/07/2023;0,308454544194529
2023;07/07/2023;8,532516523826814
2023;08/07/2023;7,183003301098764
2023;09/07/2023;3,915201176149914
2023;10/07/2023;5,375559125320575
2023;11/07/2023;5,162690881253236
2023;12/07/2023;6,04821725214929
2023;13/07/2023;1,3028805694876127
2023;14/07/2023;7,638893639747723
2023;15/07/2023;7,533910917670833
2023;16/07/2023;0,0
2023;17/07/2023;6,59840896670684
2023;18/07/2023;5,474146416108278
2023;19/07/2023;7,046391161939656
2023;20/07/2023;3,7238391992247086
2023;21/07/2023;4,444195002238969
2023;22/07/2023;1,3232048777315875
2023;23/07/2023;6,435731536534096
2023;24/07/2023;4,3901661606941715
2023;25/07/2023;3,533165097869689
2023;26/07/2023;3,669505579651925
2023;27/07/2023;4,527719728128182
2023;28/07/2023;5,215621056486003
2023;29/07/2023;4,572175731241359
2023;30/07/2023;3,786194545564965
2023;31/07/2023;4,494304390318041
2023;01/08/2023;5,591846232459517
2023;02/08/2023;5,303161321805511
2023;03/08/2023;3,950297453546498
2023;04/08/2023;1,9853076252584345
2023;05/08/2023;2,763939641343982
2023;06/08/2023;5,752637249188599
2023;07/08/2023;3,283933083002586
2023;08/08/2023;3,466888573102506
2023;09/08/2023;4,825421740258586
2023;10/08/2023;3,5353488053685322
2023;11/08/2023;4,2862303377576225
2023;12/08/2023;4,180046653764316
2023;13/08/2023;3,576171629299827
2023;14/08/2023;3,1295142780202694
2023;15/08/2023;3,662992189680291
2023;16/08/2023;1,6298671032921117
2023;17/08/2023;3,8100443129779005
2023;18/08/2023;3,269211393276674
2023;19/08/2023;3,104263865961992
2023;20/08/2023;1,5079697295630021
2023;21/08/2023;3,1869860791478635
2023;22/08/2023;0,0
2023;23/08/2023;0,0
2023;24/08/2023;3,2314052569499325
2023;25/08/2023;0,0
2024;15/04/2024;25,0
2024;16/04/2024;25,0
2024;17/04/2024;25,0
2024;18/04/2024;25,0
2024;19/04/2024;13,718
2024;20/04/2024;5,1999999999999975
2024;21/04/2024;5,4320000000000075
2024;22/04/2024;3,4349999999999845
2024;23/04/2024;4,1589273817629735
2024;24/04/2024;3,7719342527298143
2024;25/04/2024;3,8789310323200246
2024;26/04/2024;0,0
2024;27/04/2024;0,0
2024;28/04/2024;0,5160085529224574
2024;29/04/2024;4,666497804714355
2024;30/04/2024;2,1919054015562476
2024;01/05/2024;0,47868882764312315
2024;02/05/2024;4,544048531528055
2024;03/05/2024;1,8454698964264118
2024;04/05/2024;3,0113641246016503
2024;05/05/2024;0,0
2024;06/05/2024;0,0
2024;07/05/2024;3,598721358723684
2024;08/05/2024;5,620748184786232
2024;09/05/2024;5,117250224013506
2024;10/05/2024;5,248775282379135
2024;11/05/2024;6,4826524878768925
2024;12/05/2024;3,319152671947302
2024;13/05/2024;0,0
2024;14/05/2024;0,0
2024;15/05/2024;6,560020014125865
2024;16/05/2024;0,702084323313299
2024;17/05/2024;4,435195066745604
2024;18/05/2024;0,0
2024;19/05/2024;0,0
2024;20/05/2024;0,0
2024;21/05/2024;0,0
2024;22/05/2024;0,9493083623568153
2024;23/05/2024;1,7993683880841904
2024;24/05/2024;1,5197588854510498
2024;25/05/2024;4,359243351612035
2024;26/05/2024;7,178980086885604
2024;27/05/2024;2,620358997336954
2024;28/05/2024;4,20124603381072
2024;29/05/2024;6,723753160364157
2024;30/05/2024;8,732281162875111
2024;31/05/2024;3,38214005619934
2024;01/06/2024;2,077739040067801
2024;02/06/2024;2,9963827172515014
2024;03/06/2024;2,673140028846042
2024;04/06/2024;7,314782051894929
2024;05/06/2024;6,610278770771424
2024;06/06/2024;5,823123411395317
2024;07/06/2024;0,0
2024;08/06/2024;0,0
2024;09/06/2024;0,0
2024;10/06/2024;0,0
2024;11/06/2024;9,289189847209862
2024;12/06/2024;3,9085010104109945
2024;13/06/2024;5,351582574282021
2024;14/06/2024;4,313475654929421
2024;15/06/2024;6,184331065414121
2024;16/06/2024;1,1195038803137076
2024;17/06/2024;4,133629883175687
2024;18/06/2024;0,0
2024;19/06/2024;0,0
2024;20/06/2024;0,0
2024;21/06/2024;3,746031941664018
2024;22/06/2024;6,674836819304281
2024;23/06/2024;3,2504789732966906
2024;24/06/2024;7,374154765838316
2024;25/06/2024;5,315459917984701
2024;26/06/2024;5,561908061622705
2024;27/06/2024;0,6815429249900269
2024;28/06/2024;6,4190281290551585
2024;29/06/2024;4,004138620648878
2024;30/06/2024;0,0
2024;01/07/2024;5,02731054476455
2024;02/07/2024;6,6535073015157
2024;03/07/2024;4,645229762822443
2024;04/07/2024;6,2768322752250105
2024;05/07/2024;5,201846322302407
2024;06/07/2024;6,403492869611911
2024;07/07/2024;2,5912857600578407
2024;08/07/2024;4,21820025806213
2024;09/07/2024;6,08322953247239
2024;10/07/2024;1,770854262655005
2024;11/07/2024;9,843432931215286
2024;12/07/2024;6,869376351669662
2024;13/07/2024;7,5224404514568155
2024;14/07/2024;4,311509480369474
2024;15/07/2024;1,9030621980071123
2024;16/07/2024;2,215883363560579
2024;17/07/2024;5,186857939577218
2024;18/07/2024;4,841780705078235
2024;19/07/2024;5,500026942753968
2024;20/07/2024;5,5442595333251665
2024;21/07/2024;3,3199313026317454
2024;22/07/2024;3,988659371861789
2024;23/07/2024;5,357315603514892
2024;24/07/2024;5,2445258269924215
2024;25/07/2024;4,868880466751057
2024;26/07/2024;4,910706286692278
2024;27/07/2024;4,808121515406243
2024;28/07/2024;4,621716749776459
2024;29/07/2024;4,873913608898964
2024;30/07/2024;0,0
2024;31/07/2024;1,4339493523322053
2024;01/08/2024;6,622540667984124
2024;02/08/2024;4,46478761711641
2024;03/08/2024;4,4607705899993695
2024;04/08/2024;3,7905001767401343
2024;05/08/2024;4,788622986220091
2024;06/08/2024;4,367434161858527
2024;07/08/2024;2,4973647618761747
2024;08/08/2024;4,999727972226043
2024;09/08/2024;4,191056661358627
2024;10/08/2024;3,7859097935549877
2024;11/08/2024;4,059239358275961
2024;12/08/2024;3,822128347109502
2024;13/08/2024;3,115292534776147
2024;14/08/2024;0,0
2024;15/08/2024;5,084153670733771
2024;16/08/2024;2,9117443313672715
2024;17/08/2024;3,116355266303383
2024;18/08/2024;2,69855390795855
2024;19/08/2024;2,752366754824598
2024;20/08/2024;1,3451591968408834
2024;21/08/2024;2,7610531573253723
2024;22/08/2024;1,456194178826434
2024;23/08/2024;2,5588463633105776
2024;24/08/2024;1,494369016339598
2024;25/08/2024;0,0
2025;15/04/2025;25,0
2025;16/04/2025;25,0
2025;17/04/2025;25,0
2025;18/04/2025;25,0
2025;19/04/2025;0,0
2025;20/04/2025;0,0
2025;21/04/2025;1,4489999999999954
2025;22/04/2025;0,9749999999999908
2025;23/04/2025;5,378633619797862
2025;24/04/2025;6,590498320552959
2025;25/04/2025;4,652811146896551
2025;26/04/2025;5,491110232325727
2025;27/04/2025;4,998293164052106
2025;28/04/2025;3,6553748901570717
2025;29/04/2025;5,733190691886502
2025;30/04/2025;0,0
2025;01/05/2025;0,0
2025;02/05/2025;3,2824558420411742
2025;03/05/2025;0,903004564171854
2025;04/05/2025;2,3863272504804076
2025;05/05/2025;2,274628877182357
2025;06/05/2025;4,997374944391023
2025;07/05/2025;3,2623368624023126
2025;08/05/2025;0,0
2025;09/05/2025;0,0
2025;10/05/2025;0,0
2025;11/05/2025;0,0
2025;12/05/2025;0,33104440748337716
2025;13/05/2025;0,0
2025;14/05/2025;0,0
2025;15/05/2025;0,0
2025;16/05/2025;0,0
2025;17/05/2025;6,281716771948251
2025;18/05/2025;4,482890650892461
2025;19/05/2025;6,319169442020977
2025;20/05/2025;0,0
2025;21/05/2025;7,864704276001674
2025;22/05/2025;5,118322146309105
2025;23/05/2025;1,790183556382524
2025;24/05/2025;3,7100028672409486
2025;25/05/2025;5,749281211907593
2025;26/05/2025;6,6898420588781216
2025;27/05/2025;2,7575849763584155
2025;28/05/2025;7,103911814636892
2025;29/05/2025;7,693524945741084
2025;30/05/2025;4,982658205632049
2025;31/05/2025;2,279743280352535
2025;01/06/2025;8,440537899287595
2025;02/06/2025;4,1640663453334374
2025;03/06/2025;4,03137531761877
2025;04/06/2025;3,331441440726487
2025;05/06/2025;4,790272698805959
2025;06/06/2025;6,733702024351596
2025;07/06/2025;3,432338452497246
2025;08/06/2025;7,977918110561504
2025;09/06/2025;3,8793235549207212
2025;10/06/2025;8,69599288520053
2025;11/06/2025;4,933783178890113
2025;12/06/2025;7,998866071426307
2025;13/06/2025;2,1353375726509283
2025;14/06/2025;8,519750632623879
2025;15/06/2025;3,758409188108585
2025;16/06/2025;7,917647090548008
2025;17/06/2025;6,388602701332209
2025;18/06/2025;4,279378125523029
2025;19/06/2025;5,254722563262105
2025;20/06/2025;0,0
2025;21/06/2025;11,991320323009518
2025;22/06/2025;6,911820657909085
2025;23/06/2025;9,38170410410286
2025;24/06/2025;5,493785499030292
2025;25/06/2025;4,379700722976962
2025;26/06/2025;6,509701786757622
2025;27/06/2025;8,203990610178401
2025;28/06/2025;7,901140892557429
2025;29/06/2025;6,241731609945876
2025;30/06/2025;6,135556081812587
2025;01/07/2025;6,4865921166810665
2025;02/07/2025;6,963722614209241
2025;03/07/2025;4,8561144100959055
2025;04/07/2025;4,646723676654408
2025;05/07/2025;4,927287869318562
2025;06/07/2025;6,204700114461263
2025;07/07/2025;5,904048334519151
2025;08/07/2025;6,1725850303600795
2025;09/07/2025;1,9869264180674056
2025;10/07/2025;7,027745464370885
2025;11/07/2025;5,958438528847308
2025;12/07/2025;5,632325440192772
2025;13/07/2025;5,094553138593925
2025;14/07/2025;3,1581162689817788
2025;15/07/2025;6,663656775492128
2025;16/07/2025;4,571235487892346
2025;17/07/2025;6,2543391944190185
2025;18/07/2025;4,8147194279563275
2025;19/07/2025;3,9423348672493326
2025;20/07/2025;3,715153025183918
2025;21/07/2025;2,551021746316883
2025;22/07/2025;5,652016991351135
2025;23/07/2025;4,741501723092541
2025;24/07/2025;3,867764393105091
2025;25/07/2025;1,597073564664611
2025;26/07/2025;5,169910102154703
2025;27/07/2025;4,540419985982454
2025;28/07/2025;5,66037713483349
2025;29/07/2025;0,2577884909200123
2025;30/07/2025;3,84568667527549
2025;31/07/2025;4,193949463855094
2025;01/08/2025;4,254790056663294
2025;02/08/2025;3,691414694417885
2025;03/08/2025;0,0
2025;04/08/2025;4,088971939287653
2025;05/08/2025;4,628776010401162
2025;06/08/2025;4,661556939194131
2025;07/08/2025;3,224405933572878
2025;08/08/2025;5,575250120064676
2025;09/08/2025;4,298543247966404
2025;10/08/2025;4,34714527767678
2025;11/08/2025;3,810790741392409
2025;12/08/2025;2,919360710577888
2025;13/08/2025;0,0
2025;14/08/2025;3,4571591414626472
2025;15/08/2025;4,050340913969617
2025;16/08/2025;3,4999832526894252
2025;17/08/2025;1,9314700827667495
2025;18/08/2025;2,6081514526864837
2025;19/08/2025;1,5487393425663416
2025;20/08/2025;1,7401957056520911
2025;21/08/2025;2,335232321046549
2025;22/08/2025;0,8803431610345553
2025;23/08/2025;1,7583638527521546
2025;24/08/2025;1,823568519726508
2025;25/08/2025;0,0
